case_id,thrust_scale,propellant_scale,drag_scale,density_scale,wind_x_mps,initial_x_m,initial_vx_mps,initial_vz_mps,initial_theta_deg,success,final_time_s,final_altitude_m,landing_x_error_m,touchdown_vx_mps,touchdown_vz_mps,touchdown_speed_mps,propellant_used_kg,propellant_remaining_kg,max_abs_tilt_deg,max_abs_gimbal_deg,failure_mode,guidance_mode
0,1.021747048921407,0.9815693723646981,0.8599579726592079,0.9670791396028174,-3.7283639251913243,21.711472265787435,-1.0013969048126927,-57.4985453560074,0.6294058600313623,True,45.999999999999375,0.0,-1.9504691884124834,-0.04891485661936277,-0.749708929099658,0.7513029625722561,4160.180878303807,2710.8047282490807,1.5829864015925583,1.6979300372008852,success,corridor
1,1.0044274954929107,1.00719209587308,0.8919650454777588,0.8880330745260027,-9.453676896133793,15.452348469176286,-1.7662076855345763,-57.741115679387576,2.047060593257826,True,47.359999999999346,0.0,-1.0243187307960633,-0.005491797716838669,-0.7494662911038141,0.7494864117134278,4292.633622246012,2757.711048865549,2.047060593257826,0.20702556192005384,success,corridor
2,1.0101013398003098,0.9633707345339922,1.005949241827155,1.123799373822537,-3.233323334683366,15.961074597566679,-1.728795532209996,-59.063478208349814,1.552205241539665,True,46.23999999999937,0.0,-0.7373210736931046,0.04046710441625766,-0.7496899775422352,0.7507813589635224,4163.3756972830815,2580.219444454866,1.5522052415396652,0.15623448630038694,success,corridor
3,0.9936716677562735,0.9720821924047524,0.9574644735103708,0.9003265410908231,5.242382659854908,9.41532869785138,-2.3568664402854704,-56.71133815624142,-0.02637510328067364,True,47.27999999999935,0.0,-0.29004985116039633,0.1181625059065509,-0.7496722145519341,0.7589274056675755,4236.376890567848,2568.198456265418,2.614576445022908,2.784400984678337,success,corridor
4,0.9986939999118145,0.9567046241280568,1.0639449943462516,1.123233731720547,1.3778000540093096,32.492909137068914,-3.9073025034289772,-58.58559165922606,-0.27469754922308565,True,46.959999999999354,0.0,-0.4368852130231519,0.33480347230305324,-0.7497504592247948,0.8211084679711761,4203.937939362662,2492.9944295337373,2.801227495929142,0.33296536718931163,success,corridor
5,1.0099549507844119,0.9866424140870823,0.9300879360964406,0.917221234227611,5.85917459652002,4.186085132664852,-1.0679695003166303,-57.70391138371572,1.5109997910405326,True,46.71999999999936,0.0,0.2176928593069153,0.014988302391534364,-0.7503665605802038,0.7505162386288152,4219.966946212273,2686.5299523973044,1.5614619080516159,0.2277200966175736,success,corridor
6,1.0128465944004987,0.9928738911321268,0.8795240608487201,0.9428708163448996,11.189465775597789,14.38895678711847,-2.638977907730319,-57.52116052808496,1.0081105308167189,True,46.479999999999364,0.0,1.0760896432769713,0.24828010052609728,-0.750259074281121,0.7902731723008277,4208.468161588942,2741.649076335947,2.527191429474571,1.8308587703911712,success,corridor
7,1.0033050995003159,0.9996992877613604,1.0520740175377399,1.087976292406594,-5.920294832528587,21.751409480140005,-3.9768900146095776,-57.52862963096395,1.7055160528138562,True,47.03999999999935,0.0,1.2413573146504056,0.2664004247027302,-0.7495321557065344,0.7954669312547691,4254.286572481484,2743.6084418480386,3.6761521647099857,1.627774269263277,success,corridor
8,0.9846563702057628,1.0202694431133803,1.140669602884437,1.0908796753748982,17.53061580838028,10.195021405724749,-2.5425435585724387,-56.062634465871035,1.5097453360783495,False,48.07999999999933,0.0,3.599231724341825,0.13432330533023099,-0.7499270001105126,0.7618617038869924,4340.5029921731875,2801.383109620474,2.7288292247957564,2.5851599943571912,pad_miss,corridor
9,1.027369078671394,0.9622609419122248,0.9808954531735281,0.9389898190867925,3.0281709543068835,12.46119788535345,-5.113395289844556,-53.222743028344844,1.240349912444548,True,45.35999999999939,0.0,0.46857405184729367,0.3362849991096459,-0.7501253461242359,0.8220557374802387,4059.1449808381913,2676.6816125473815,5.332312396987933,3.167807548155499,success,corridor
10,1.021387702308113,0.9449537863698603,1.012808781825978,0.9122881961388689,-3.676978976773018,20.506056747437306,-3.6349943474694735,-57.30457898643813,1.7286457895684864,True,45.67999999999938,0.0,0.6144074551835075,0.36556038713738653,-0.7504439697843738,0.8347457986894968,4091.5870425185312,2523.0894620704894,3.2127659546371587,1.543485743595879,success,corridor
11,1.0235608614642704,1.0016520039856014,1.1660756569388493,1.14706719951194,-6.106903625889334,21.514604973071442,-2.6269637898335523,-59.61811251479646,0.10325312173295655,True,45.999999999999375,0.0,-0.8701944018656734,0.2912163163396598,-0.7497599655331443,0.8043301242765327,4191.885795754311,2819.678232144899,1.9910277050364154,0.5669749328316951,success,corridor
12,1.0046987465618809,0.9538025743396483,0.8751523904788013,0.8729338919528896,-2.0581477109095054,28.69262466426276,-1.1137173318617215,-56.86366419954252,0.5808994269877009,False,46.879999999999356,0.0,-3.625104905315229,0.03639956032942097,-0.7495740186346742,0.7504572855295031,4188.650445877491,2487.967574500046,2.9831632120047646,3.454705754592652,pad_miss,corridor
13,0.9819989584512546,0.9955275051700977,0.9097175279029741,1.1001858417897594,3.2393354341281757,26.07553330949183,-2.6601102905420033,-57.378749324770915,0.7495824094666109,True,48.07999999999933,0.0,-0.7790840308822017,0.10996664417023491,-0.7497055404442451,0.757727563312079,4325.912776105419,2642.7797600852646,1.1657542791725897,0.5698920646024894,success,corridor
14,0.9766757047833045,0.964058311360241,1.1580821755691264,1.0000400798027893,8.526963182040863,24.367143907329115,-2.0572698101836115,-62.042102992710674,2.0521760672426232,True,47.59999999999934,0.0,-0.7052241770685673,0.0021732797038801844,-0.750232936081775,0.7502360838606418,4284.266950357043,2464.1412291646448,2.0521760672426232,1.4456791756919378,success,corridor
15,0.9955420886803017,1.026500111783143,1.1157139023230958,0.925800256640975,-9.846469636466143,20.755954360845614,-4.4671171703490105,-53.052300112856834,1.4113128304651088,True,47.99999999999933,0.0,1.311928086711792,0.22152189546179107,-0.7493902472227716,0.781445898832153,4325.502169003354,2859.998613478645,4.770479473860285,3.0737779432441905,success,corridor
16,1.0034916064443977,0.9564724319228719,0.8961069098265658,0.8928212888320699,15.045225961168118,23.62123541335271,-2.5817047603854,-57.53319016977977,1.7887712081450484,True,47.03999999999935,0.0,1.672760152177535,0.04684169828889411,-0.7492617900732408,0.7507245665104779,4205.709071372396,2489.597952087708,1.7887712081450484,0.6806329739733459,success,corridor
17,0.9873148798277946,1.0378573538072058,1.0865603364922924,1.1009143608602503,-6.374419505195693,28.11238266516395,-3.954702791256066,-58.301241191721424,0.7855320894854576,True,48.319999999999325,0.0,0.5110569991859202,0.21901606141972382,-0.7499132262359892,0.781241244458764,4399.6005963604985,2865.4008802899407,2.7888471324735806,0.5312340819744839,success,corridor
18,0.9806104811037019,1.0231744045638194,1.0107004675988993,1.0656490686683902,8.898889617677401,21.13958325437359,-2.224053472744157,-57.26564139347319,1.2348921895353446,True,48.63999999999932,0.0,0.6313311674180242,0.05943668096744865,-0.7502465846138181,0.7525972739580746,4398.157340868274,2764.063491078461,1.2348921895353444,0.2624141485838064,success,corridor
19,0.98357498801071,1.0016999528384078,0.8518999707984197,1.1361141850723302,10.210983175873107,9.808193455753264,-2.4604544907571766,-55.49744034593819,2.0092313831082125,True,48.15999999999933,0.0,0.5986951590413373,0.11923694841687654,-0.7495316754681012,0.7589566406572827,4325.404179029414,2686.495490839443,2.8364550926426926,2.684565057561824,success,corridor
20,1.0083071059883086,1.0289885223378463,0.942216614150645,0.8672269334875959,0.217958373114147,1.4523567911800335,-2.6617172393675914,-56.7927624849297,1.098542471635108,True,47.03999999999935,0.0,0.4667418324213948,0.11080446560782702,-0.750744825142414,0.7588777385565806,4288.73827433107,2914.181382033854,3.576495091354306,3.2458016406006913,success,corridor
21,0.9820170082036949,1.0358245465605582,0.9439441827796597,1.0538126150596776,-0.10655443419055644,12.089396971110943,-2.516232569497044,-59.027798611320996,1.1374145724537086,True,48.87999999999931,0.0,-0.15668882089525046,0.1035915265355358,-0.7497706213376977,0.7568931159622737,4447.041253536412,2803.730572387496,2.5342494470286794,1.286651134542497,success,corridor
22,0.99821968630274,1.0150375701648802,1.006369063690032,0.9519134842169077,7.001094877855071,17.05730408460406,-1.166687066009113,-59.81419796906742,1.1928499170537623,True,47.67999999999934,0.0,0.2267932387586441,-0.008316320419210179,-0.7495425628271996,0.7495886970031508,4338.681147583891,2766.5818435702677,1.192849917053762,0.7027015547381462,success,corridor
23,0.9923788810511982,0.9741169848012552,0.8984172207239969,1.1176913812805858,-11.15043570975731,13.764772406488031,-3.3204108477023753,-56.943793183583146,0.32535946822160683,True,47.359999999999346,0.0,-0.7363484245875437,0.1945382343863199,-0.7494867594882872,0.7743226248059658,4244.092109286543,2574.7267843222435,3.809401943432338,3.503639238266542,success,corridor
24,1.02084784638545,0.9422959584585118,1.056359070742066,1.0942993448979172,17.322752088934934,22.68508191733413,-1.745419028115443,-60.82161024497246,0.8644247689790977,True,45.59999999999938,0.0,2.1759944293611406,0.002040944920573091,-0.7493611558446552,0.7493639351776988,4102.051786679018,2494.0199225305623,0.8644247689790977,0.8519979192757747,success,corridor
25,0.9796441601623137,1.0265377218445815,0.9113455120109778,1.0089391550905584,6.48296880843473,16.835200462954372,-3.0442389230565823,-52.89808811420868,-0.08162769780550051,True,48.47999999999932,0.0,1.4457290748917884,0.19607665263976778,-0.7503469630899878,0.7755427897471446,4360.984487805079,2824.77956510699,3.0995760003338324,3.894895233793026,success,corridor
26,0.9762670183908059,1.0275938577318384,1.0378338036169434,0.920716514931208,0.986282401830131,23.955399183452283,-3.6412229502085056,-56.78272419331144,0.4248391883283847,True,49.11999999999931,0.0,1.9634954762285373,0.1653662730252148,-0.749851187872771,0.76786900458897,4438.564075363327,2754.5929287595427,2.9875230074484853,1.6239784906453578,success,corridor
27,1.0087217408702676,0.9925288344910989,1.0393878246865513,0.8812253808487042,17.574004708711144,1.044475756716114,-1.7093078127556969,-56.81143495758754,1.530290644409109,True,46.479999999999364,0.0,2.8120892095713463,0.0638949167449301,-0.7493677296146806,0.752086799893272,4200.341492055555,2747.3603493821356,2.2952542415016266,1.6296035888137208,success,corridor
28,0.9919172835373291,1.0365416759287966,1.0552091158298287,0.9063590210312465,0.14595925364287154,17.417276420214428,-3.745193936868011,-59.67041614752503,0.7102719959887944,True,47.67999999999934,0.0,1.4526151942219019,0.2250681175545339,-0.7507422886776355,0.7837535591934978,4365.164066412326,2890.6276650892505,3.8480892851405906,1.9947667556022928,success,corridor
29,1.021901478570538,0.9943229304359463,1.0072141500564138,0.9852428841286747,16.898994897189016,25.36659155166481,-2.4189093714519188,-60.74259493466512,2.171747230248741,True,46.23999999999937,0.0,1.419963627042959,-0.02287412849527074,-0.7492207462920712,0.7495698449303216,4212.6340563871345,2747.6264566644895,2.1717472302487404,1.3952969603337282,success,corridor
30,0.9717316960367345,0.9620508004304374,1.1432443758237372,1.0964750123076885,14.104307474943951,26.376392394622574,-2.619163003349976,-57.59349735381653,2.2722043926255657,True,47.919999999999334,0.0,1.4537935126308525,0.049108554343428985,-0.7502838875332087,0.751889328293497,4269.577110727347,2464.778492285717,2.2722043926255657,1.523078338387581,success,corridor
31,0.9767272133896197,1.028922977369551,1.136405050345268,0.9403187605741318,1.4604943965191666,22.594762807461322,-3.4118165045541637,-55.54563855472949,-0.6425246064573831,True,49.279999999999305,0.0,2.192497431290033,0.16933823442779072,-0.7496795823572779,0.7685667920503098,4441.133453082937,2761.32738850392,3.316163791721113,2.805662657240096,success,corridor
32,0.9972591364725412,1.0149711016461198,1.0906807029035037,1.1103463562188214,17.836814318602705,28.38610061934523,-5.114224593329225,-59.472205373815974,0.067023606343997,False,47.51999999999934,0.0,5.990368700544055,0.30092867129133627,-0.7494304999682565,0.8075915672466126,4319.714155856553,2785.083555666286,4.3566427857979395,1.8852381007629044,pad_miss,corridor
33,0.9945274905813608,1.03178608561747,1.0274012038435731,1.1434889426551715,17.117204329430475,20.70241840668158,-3.726405881155809,-57.076279379371464,1.2348674976355856,False,48.07999999999933,0.0,4.324467212044137,0.15756696119760394,-0.7491430875018869,0.765534266256519,4363.620228388547,2858.882370933745,3.2302337992850765,2.0003509057102757,pad_miss,corridor
34,1.0169697148350152,1.0213403146218112,1.1197622333507684,0.9820965750717103,14.915529828157705,7.207605658150355,-2.4333292835451035,-55.23815148224572,1.6157496906521422,True,46.879999999999356,0.0,2.0034593892148678,0.1559809472267808,-0.7500718667484247,0.766118699148657,4249.725226483228,2899.6569758694495,2.776015801466557,2.961337670141322,success,corridor
35,0.9718100240730251,0.9936110210416655,1.191218263262348,1.1390409919037303,-5.295589278069713,13.268148588548193,-3.5459869629772984,-62.05202859518404,0.853153117022728,True,48.23999999999933,0.0,-0.012328199747916428,0.13855598622061532,-0.7500917157687843,0.762781320813853,4365.394703015991,2589.882444275667,3.8519498590973824,1.6066144792019037,success,corridor
36,1.0149749792518599,0.984313128133479,1.088275941175487,1.1308536658440433,12.471656506260352,29.257147707041398,-1.83849956274819,-54.511620609805796,1.027133273839645,True,46.31999999999937,0.0,-0.9991997515795867,-0.01121306214056093,-0.7498815526972331,0.749965383093234,4157.189451911079,2733.002445023274,1.9499723227413708,4.414923300611806,success,corridor
37,0.9723043941704383,1.0103546778995003,1.1580399857611527,0.9184694405751191,11.533969151777256,-3.8773390212768213,-0.4953734947162691,-57.995148736747616,1.1857971324305674,True,49.19999999999931,0.0,1.7590604207470688,0.00149725980059777,-0.7493948453187896,0.7493963410487692,4428.884533909142,2643.5982113873615,1.243868289350725,0.22704722911768274,success,corridor
38,0.9908378813016598,0.966156546094658,1.0344406113821476,1.0574838552691983,-11.495584421258101,8.616744716886368,-2.303787281092252,-54.803497986216456,1.3766285951907307,True,47.67999999999934,0.0,-1.5963396021622265,0.10428078128158665,-0.7492434140559405,0.7564655807443585,4240.03967352027,2523.056149142336,2.7502602417824584,3.0928542726450985,success,corridor
39,0.9789041527852151,0.9744115565321106,1.1687275293805948,0.9300941801836484,13.368828563086165,22.93054756752342,-2.2970298115880015,-59.38337486233224,1.5641201586420375,True,47.67999999999934,0.0,1.7376656896090326,0.03271508707810295,-0.7497341310915075,0.7504475626225098,4283.175638743178,2537.705256981597,1.5641201586420375,0.7951551409189969,success,corridor
40,0.990181867670036,0.9422526287290106,1.175262312349682,0.9738574228649145,-6.368829312765648,21.84882195836518,-4.515651221808685,-58.884470598358554,1.0753872661804094,True,46.479999999999364,0.0,1.5242597064444978,0.36088539762186594,-0.7499142077321367,0.8322316920036213,4155.375625265198,2440.392775837874,4.57818456621002,2.0543988056899294,success,corridor
41,1.0122184373776655,0.9459116929052932,0.9040452509410438,1.0355933984934578,-11.643267926091529,14.991166413668116,-3.181564232521902,-57.90070165284967,0.7993906241884964,True,45.75999999999938,0.0,-1.1782573600376414,0.2734172640111368,-0.7504594615530863,0.7987154710495371,4101.908243671442,2519.4736066656114,3.3231704801498183,2.4284244539300417,success,corridor
42,1.0044686042124338,0.9452970845655434,1.1408687484073683,1.1153585081988504,-1.1232852962067135,26.30728695019535,-1.0987079432910278,-55.85837535213623,-0.6644475088864893,True,46.15999999999937,0.0,-2.696770898256094,0.030976175884381695,-0.7507144905937149,0.7513532923064894,4110.894054993492,2506.185536965313,2.4360597087142475,2.783263735615349,success,corridor
43,1.0208498395410395,1.0113448050194236,0.9431732151136445,0.9252485370358778,-8.995190791693702,3.915417937673162,-0.95407721826095,-58.43237921614208,-0.14501470505896372,True,46.55999999999936,0.0,-1.165009616353233,0.04028367800845407,-0.7495829992251529,0.750664670436317,4242.381342103956,2837.032293032007,1.187319015749281,0.9130630159179184,success,corridor
44,1.0089368796887452,0.9762163950646613,1.026224952470703,1.0530897654616242,4.698213123765623,18.9633377485018,-2.370637484417499,-58.21932436803104,1.5184856862727143,True,46.79999999999936,0.0,-0.3451555945628193,0.11393628446063765,-0.749587477009978,0.7581971132936867,4213.891340382161,2619.6234250704692,1.6115761098616603,0.1577950247093427,success,corridor
45,1.0206591343370195,0.9516746905564253,1.0107941147714017,0.9206697276179068,9.397672108977954,32.43134169919117,-0.5734896876910254,-59.636505724211574,-0.2768892323521109,False,45.999999999999375,0.0,-4.029279734153716,-0.09174615892622434,-0.749590606691086,0.7551843717379395,4140.1924581172025,2521.5303757777765,3.987204334895789,3.0498761752282655,pad_miss,corridor
46,0.9904066250126928,0.9404439194100691,1.0951649074763254,0.9618455812701493,13.79686648738798,19.792436620672465,-0.565032845318868,-55.92684115690889,0.2236212197808293,True,46.959999999999354,0.0,-0.018670542057126073,0.02158329087007155,-0.7492743541321958,0.7495851494026554,4165.158963923623,2417.94847194686,1.7538672703229732,2.1544267895675744,success,corridor
47,1.0187414906185133,0.9921457480870248,1.0371928176080516,0.8902794973014267,-4.547141401319003,15.29501334783659,-2.933962434786557,-56.27879423007506,1.0532864217866424,True,46.07999999999937,0.0,-0.1354242161694476,0.26471171211873035,-0.7506414608906193,0.7959490519755852,4168.23345328086,2776.7867833283126,2.938616635716167,2.7930965223130335,success,corridor
48,0.980199071364875,0.9844320020495603,0.9520482477670091,0.8655348274293273,16.232042191563714,32.730782668010214,-2.7092801247635787,-57.08678640103375,-0.08223695774608474,True,48.23999999999933,0.0,0.5024877750760962,0.16867427613281918,-0.7492663759083255,0.7680176518125912,4323.243088040224,2567.7809263066956,2.263008009895116,1.691612875462556,success,corridor
49,0.9883344299962997,1.019909918808004,0.9387296408374379,0.882820580982032,10.694177432909107,12.099734250729615,-0.9408104407061215,-58.40592216727331,1.0298743990279422,True,47.919999999999334,0.0,0.8375292688495602,0.05393318084962648,-0.7497538711901568,0.7516911968096904,4353.315292210307,2786.0541394457214,1.0298743990279422,0.28750015403301804,success,corridor
50,1.0254708305563194,1.0228731527845891,0.9542248374607692,1.0047223987485845,1.2446501303862405,8.712245656228893,-0.7405334116303577,-57.64524087251984,0.7953236305776487,True,46.63999999999936,0.0,-0.45296092999348636,0.009901563808745349,-0.7495459048876876,0.7496113022758936,4255.266821768026,2904.845247724097,0.7953236305776487,0.12958194116652322,success,corridor
51,0.9712389606968431,1.0215174725490561,1.172140367959244,1.0805157359896174,-11.816202317409754,15.799136679600636,-2.681820902669708,-57.20793703905056,1.0789879485298457,True,49.19999999999931,0.0,-0.965804101004033,0.1319582609347029,-0.7492631543776924,0.7607944907377556,4434.079713857649,2716.542593985745,2.7299309244410677,1.751613707400351,success,corridor
52,0.9984903196961439,0.9492153357111444,0.9678677883952209,1.1281628131295915,7.140116677823947,19.993160177034884,-1.2377673147359645,-57.217648659617,-0.18151830688076223,True,46.79999999999936,0.0,-0.33241047490937914,0.046121700336287604,-0.7500814515778209,0.7514981006250123,4173.732521779653,2470.7748281983586,0.7591029860995969,0.5770285956879044,success,corridor
53,1.0139633811277833,1.0294599330399157,0.888038574320832,0.9366964810608712,-12.999187247793504,13.454740572216163,-0.6071974893141039,-56.3262561089934,1.9722145699892968,True,47.27999999999935,0.0,-1.7934721475281294,-0.1035344756186258,-0.7493379824518497,0.7564567400629281,4301.746949723416,2904.472581555994,1.9722145699892968,1.3646926981668643,success,corridor
54,1.0176137562256926,0.9664813507399203,1.1929379270323357,1.127438947690274,1.9314719201942587,15.413816543447796,-3.635620875083543,-58.56000951738593,0.5404980731662075,True,45.67999999999938,0.0,0.3679964634286217,0.3499418279131596,-0.7502291358005612,0.8278303202512337,4119.942779397203,2645.426675782237,3.7589199116024656,2.731967795795934,success,corridor
55,0.9830867071482582,1.0023276171414128,0.9498552549383841,1.0926393477003415,0.5640350664247578,27.791415978486008,-1.72058431021741,-62.087151908065145,1.3245073827112772,True,47.99999999999933,0.0,-2.7200450234236433,0.10592931075083106,-0.749639581200165,0.7570868646186546,4363.393569012096,2652.8997509777946,2.3299963991023933,1.7362623002778446,success,corridor
56,1.0149218844285766,0.979078290725317,1.0816727935516999,0.9560930893365656,5.667624300289731,15.983927116488562,-2.8755375865409833,-56.876050131787,1.0493437138313548,True,46.55999999999936,0.0,0.7986320756266634,0.26841725984750886,-0.7495718842662844,0.7961820363877554,4190.668974880438,2662.879060196781,2.708812917376173,2.1535035805192266,success,corridor
57,1.0175416586831065,1.0031999110016918,1.145789885755308,0.8709646449783384,16.03535749861495,35.24749176251487,-1.678465666891731,-60.205699500951454,0.17434603786290667,True,46.399999999999366,0.0,-2.2836939318645215,0.04315247688786538,-0.7495644391117461,0.750805557146765,4231.986814834316,2790.4125621775274,3.370194885603972,2.53040518048749,success,corridor
58,0.9707213651290045,0.9401683405846808,1.1357020136162825,0.8573459955335578,-9.25637351394306,24.82020650611245,-2.463715319460667,-65.29199231772196,1.2143809197804385,True,47.67999999999934,0.0,-1.7854994898846719,0.05498983501824815,-0.7494754411504249,0.7514900656981156,4287.687440030353,2293.490944062414,1.2143809197804385,0.7224249289743441,success,corridor
59,0.9813553522619297,0.9807023272615139,0.957465201162368,0.9808741837602237,12.268949500570812,11.928570362587642,-2.3188945826206067,-56.70298655703537,0.5438910847584245,True,47.67999999999934,0.0,1.0060637639741805,0.17052389506849097,-0.7496840017233918,0.7688332076785759,4273.814876753218,2591.101414077377,2.239344886014975,2.196623869888917,success,corridor
60,1.005911911310773,1.0346850788172375,0.9359792657206858,0.9246979130551414,-2.1575498482241784,13.013451698114475,-1.9332042287820341,-57.614874230180114,1.1518020873731347,True,47.439999999999344,0.0,-0.4965856597354077,0.12083390613100373,-0.7502365275178571,0.7599050467610599,4330.125774676373,2912.669777044288,1.7897274285005549,0.9031372732460029,success,corridor
61,0.99861446736966,0.996457766329059,1.0431525707178566,0.8684241476858007,-9.230487745721785,20.631966107892623,-0.8076483733563009,-57.90195217659647,-0.5800029467813249,True,47.19999999999935,0.0,-2.202207440011335,0.07503945269017148,-0.7500664294999277,0.7538106978033746,4267.521847106775,2707.6825171966375,1.7026487267118349,0.954676846495115,success,corridor
62,1.0212240223555413,1.0111970454343433,1.0468952730321464,0.9412249071535779,4.644540734637637,18.03657424199697,-2.335617951427276,-57.510342820104796,1.4054460052268873,True,46.55999999999936,0.0,-0.17314946587268698,0.15476336207778366,-0.7496030594899652,0.7654125979093468,4234.027676968879,2844.3516410715238,1.734037468427099,0.4843850668639868,success,corridor
63,1.0156904501029296,0.9890344688867599,1.156702360749825,0.9595898990055131,14.761467955025914,30.95753628379202,-3.014625895926527,-57.377046746283845,1.0220627072545614,True,46.63999999999936,0.0,1.1974541077857204,0.1131117358047665,-0.7491526053063695,0.7576436436835515,4208.97513691214,2714.2661452951797,1.2887026750944068,1.3838133531965924,success,corridor
64,1.0201170376274977,1.0248895283896395,0.8819763584208927,1.0705349955727188,13.562129987023784,12.805741973889258,-3.301237820026059,-51.99885833069232,1.2927921138336478,True,46.31999999999937,0.0,1.6888946203644184,0.28844349539832104,-0.750430942667093,0.8039566218085544,4190.9404567387755,2983.2862419887024,3.590347490532234,3.1389643373914944,success,corridor
65,0.9835440027992022,0.9917519214186414,1.0674500729662135,1.0332720518574054,3.1435586011383805,34.037433035171276,-5.798245161373516,-59.47700192197094,1.3575182101800056,True,47.51999999999934,0.0,2.60441791529372,0.3334665731784579,-0.7504169384837541,0.8211732685558598,4295.78762925804,2646.475820672451,4.257025325671122,0.8833253931017792,success,corridor
66,1.0275065803255177,1.0159005204810045,0.9794924452473736,1.09358503260214,16.646118681279045,16.17837640780042,-1.2843398228084957,-57.430893796512244,0.6463809290022114,True,46.399999999999366,0.0,2.7593171795209397,0.03787304570938027,-0.749153035061532,0.7501097503253839,4223.814324045932,2887.489319321099,0.6463809290022114,0.07837818844059613,success,corridor
67,0.9832686768331265,0.9744638916513536,1.0043418215709763,0.9383325037660462,5.779471555994057,11.556397456017546,-1.7213644621427964,-55.77659555363299,1.4851238077724203,True,47.27999999999935,0.0,-0.28390570816142624,0.09782781335744703,-0.7503559380201942,0.7567062275338198,4230.792370549912,2590.4548710095623,1.734714279427412,1.158170782325516,success,corridor
68,1.0057440223357728,0.9464784166248242,1.1254731169844323,0.9880716639005567,3.2103422884875563,8.694961008882613,-1.0463613392906943,-60.43851211501536,0.8661428273725621,True,45.919999999999376,0.0,-0.4877684132001531,0.03022082122621824,-0.7501934883745871,0.7508019499410072,4130.455924946353,2494.892991427416,0.8801464779429873,0.08023834922519171,success,corridor
69,0.977960291933465,1.033900787597304,0.9175794910035537,1.0705278658684114,5.808319373597094,24.46328139171589,-3.908207584320289,-57.23489764444094,1.281237191010181,True,49.279999999999305,0.0,1.7319944651952088,0.13851663903836828,-0.7495732502874907,0.7622643352781493,4460.762055704276,2776.5434574768515,2.91968945053662,1.2516146322411101,success,corridor
70,0.9708391790673153,1.0202324638966318,1.1453824490446525,1.0265803547087309,-8.779297262613273,8.073655695390343,-2.225113542061279,-58.895945185291126,0.6254100293904874,True,49.19999999999931,0.0,-1.09137157346202,0.0669058963737952,-0.7498447950805116,0.7528237613671047,4446.859406704298,2694.7678405721235,2.57027563515197,1.5393251996500803,success,corridor
71,0.9745463824623523,0.9869236544753002,0.8606448023615668,0.9428718030246857,-8.97045483345551,4.204880512626268,-2.6329056569295792,-54.10044178012356,2.679478703442294,True,48.15999999999933,0.0,-0.7013898356544022,0.05914240831705324,-0.7503036404672943,0.7526309702370849,4299.963419244512,2608.50216208259,3.664733397490302,2.3762867131067384,success,corridor
72,0.9899038057319931,1.0182563111909864,0.9059085578542523,1.137927138488688,-6.640145260228373,16.775093396060925,-4.36328809072323,-59.80523611863431,0.685791179336568,True,47.919999999999334,0.0,0.9939674390510885,0.2082840615629126,-0.7494313582880919,0.777836493799743,4360.641958790522,2767.1522195463804,4.7324556572527054,2.658815410190819,success,corridor
73,0.9901598869983979,1.0114198241894305,0.9250887252126824,1.0530191838739522,-13.835318319181255,17.115250550840035,-1.3707760239126052,-60.88803281120785,1.1669084910317875,True,47.51999999999934,0.0,-2.3517263882296975,-0.0034490165343797783,-0.7504015975458408,0.7504095237364758,4329.556658347483,2750.3821109785313,1.1669084910317877,0.519732431154903,success,corridor
74,1.0234736739006862,0.9646936124989047,1.0331878812460045,0.9669969374189841,10.21623562522101,28.57341264961265,-3.029272614636934,-57.437527367894816,2.1298788554775676,True,45.59999999999938,0.0,0.33659320516891844,0.02679921923774071,-0.7521150259238695,0.7525923268092861,4107.089997330477,2645.7652901618567,2.1298788554775676,1.4121114565143498,success,corridor
75,0.9855287087465784,0.9751736549286351,1.0463198420710618,1.056577221651933,5.605492603650326,6.635501846453547,-0.7001713650362784,-57.23087430887512,0.7846671140976889,True,47.51999999999934,0.0,0.2807006486881979,0.003821079437345764,-0.7505930549233921,0.7506027809349609,4257.3914396879445,2568.824144812501,0.7848114843845684,0.04587414058078688,success,corridor
76,1.0228778402573642,0.9987193610967812,1.0444476032555905,0.8953223646182167,14.736813982136972,17.84379842800181,-0.9950715775461807,-57.02965338882779,-0.3060091613726685,True,46.479999999999364,0.0,1.5521479719505686,0.07358064524957043,-0.7492211953594968,0.7528256842930218,4208.982566731105,2782.052960946363,0.5004839170377013,0.34576714722004376,success,corridor
77,0.9772115840903134,0.9562764842003147,0.9654387525999616,1.0293478954176474,-9.281560377553582,5.862995641601174,-2.9898940613703946,-58.41640476292916,2.073854492454824,True,47.19999999999935,0.0,-0.7781834341897907,0.09558199247938506,-0.7505083092061445,0.7565703136350217,4222.288875214697,2471.646514187505,3.7727140769075236,1.8922385993809216,success,corridor
78,0.9718974003137922,0.9652754703695624,1.1180886878775025,1.0761284675536344,-5.868063771860651,17.130766886148635,-0.5426314414594684,-56.83130559792975,0.3510647523998562,True,48.07999999999933,0.0,-1.6392642246083742,0.010120705109230363,-0.7499315662005064,0.7499998551038877,4281.902687668313,2475.0256049186246,1.1975724002858767,1.218607123762416,success,corridor
79,1.025491892237119,1.0110395839498296,0.8818784389034092,1.0006092617256919,8.963574741737109,12.236657075144045,-2.2236759405602013,-61.64421491264219,0.7452879836996461,True,46.07999999999937,0.0,0.03554617147302272,0.2088731972641676,-0.7494608451771654,0.7780228601969398,4230.649023525777,2846.6280641230296,1.9382816458296432,0.7704020200225025,success,corridor
80,1.0081974697403302,1.0232627621360866,0.9786269035827957,0.8630633125519818,5.353857122820866,29.73641415360604,-1.4147046403448311,-61.195098432137854,1.4597664315898904,False,46.79999999999936,0.0,-3.670617680021107,0.013851705666018649,-0.7500023647622872,0.7501302666196592,4296.694205304419,2866.1451296481864,2.9529407464071333,2.426779201693072,pad_miss,corridor
81,0.9815571800323002,1.0325167162903388,0.9424055519550132,1.0344868097940898,-11.590597919955346,24.647891633839663,0.43091959754772313,-59.035308518040864,1.5773970361055991,False,48.87999999999931,0.0,-5.565535546048402,0.21194381456772182,-0.7494175098024934,0.7788111353416097,4444.077432901777,2783.539581130597,4.334585441537455,3.9706592512795593,pad_miss,corridor
82,1.016450076375571,0.9650332091396278,1.08468570607727,0.8562136844881524,-5.677656510555501,21.790218874259388,-2.31922110705621,-63.22901687554546,1.2310907745489545,True,45.919999999999376,0.0,-1.1729794624051841,0.03581603094834435,-0.7499798863814348,0.7508346143123681,4175.764174491676,2579.468289485718,1.2310907745489545,0.48603558126530305,success,corridor
83,1.0070545650312992,0.9830259407780255,1.0929342569606788,0.8622277856222884,-0.4738570615723319,18.751536098152833,-1.1341618113265883,-59.42488084776539,0.461733025765132,True,47.03999999999935,0.0,-0.778071257882117,-0.006903950719070585,-0.7496421353131923,0.749673926165539,4250.8173310808525,2630.364254365326,0.7702186164539709,0.6283774259708237,success,corridor
84,1.0291108604414507,1.0021225312417759,1.1443553830310769,1.1211615232719367,-11.590325156954783,14.430443615717202,-2.9285860354808975,-59.88200100680997,1.532881897632791,True,46.07999999999937,0.0,-1.6431362681880204,0.22821819424861467,-0.7498887484081557,0.7838473570633817,4200.553768738449,2814.303949953981,2.9508747020244175,1.1328092296196035,success,corridor
85,0.9881226373381407,0.9874965741916859,1.0508529133948765,0.9237371808956112,-13.290943827084394,13.30225534651533,-3.7392673765866498,-60.428603160287686,1.6219480785562517,True,47.439999999999344,0.0,-0.9591244733560105,0.17829288380433106,-0.7497732561083837,0.7706804058691467,4292.38852783899,2620.0874915028107,4.121523920124704,1.7330008424487076,success,corridor
86,0.9929897692825562,1.0089861023742104,0.893354432214858,1.0318332586656371,8.094998542687929,16.226648298454894,-5.212857762249157,-55.011328921749424,1.3570360052032975,True,47.67999999999934,0.0,1.9281671989407578,0.2439180372213747,-0.7494281965764149,0.7881234869648953,4297.713095302264,2765.1896213172076,5.334791986644761,3.103630197138187,success,corridor
87,0.9793336429678482,0.993434654648589,1.0393372162412664,0.9781513439582643,-6.839902197425946,21.605448199457456,-2.462016021406887,-58.88261973523833,0.8452008880229739,True,47.839999999999336,0.0,-0.912471591434089,0.13421264669621719,-0.7505699128023813,0.7624750674857361,4316.598731170961,2637.443851369164,1.3343651221343804,0.0542716839972994,success,corridor
88,0.975182083107893,0.9656450606604001,1.1037059247997387,1.0692928035843277,7.344538218036597,32.66728903861572,-3.3542115844603897,-56.619898012661565,0.9790746261893837,True,47.67999999999934,0.0,-0.6878791432056273,0.12297429669295659,-0.7502698526072686,0.7602812172995331,4251.749545674204,2507.7658789485977,1.7259435075046508,1.4163826227233993,success,corridor
89,0.9882811953224735,0.9881458427204312,1.0692858803581502,0.877375309365841,6.673624790832456,31.693942961920637,-4.084152511475239,-58.0623157464311,0.503165006777163,True,47.359999999999346,0.0,0.3912317359120385,0.2830183909618161,-0.7499625066033874,0.8015879059301302,4270.3040725273495,2646.716826515669,2.445347454145138,0.16414844051222025,success,corridor
90,0.9781564275485997,0.9456323643451529,1.1716262338217471,1.105581079353874,0.49650852965455883,37.606183491469174,-3.5474244139387405,-54.332077018538676,0.6565353220558323,True,47.359999999999346,0.0,-1.9186844336261126,0.19594071027250626,-0.7500941888661323,0.7752638609614376,4186.864840804119,2432.561709611953,2.7955070448139074,3.864280177238187,success,corridor
91,0.9927490938528448,0.9886666248199982,1.02155632411664,0.943707471076696,2.8743141160321954,28.107749316257895,-3.3843341539990694,-60.03428081310922,1.2821482924753378,True,47.19999999999935,0.0,-0.7709448828619585,0.14814248327281831,-0.7502185061580382,0.7647051734702961,4273.584010345476,2647.082363394511,1.3845210228801947,0.46785155693698366,success,corridor
92,0.976530090429296,1.0220276138088709,1.157619533502412,1.0928322524366534,-5.281877412227981,12.754023092570296,-3.677058827680719,-55.75595511991511,1.053477138264276,True,49.3599999999993,0.0,0.22587184623246526,0.10308130175123034,-0.749436819859647,0.7564927638332499,4437.204472805912,2716.9888238561834,4.274863569879368,3.2705875739546486,success,corridor
93,1.0189626389973434,0.9574993890402616,1.1778225297128948,1.020748044286926,-6.927897013997807,11.072906396273428,-1.7137381763647395,-53.64562015988662,1.2409470748420446,True,46.15999999999937,0.0,-1.3379051236996473,0.08925334101246976,-0.749495150777693,0.7547907921544651,4108.947188222464,2593.5485350593663,1.7160450823914968,3.167479108836876,success,corridor
94,0.9762822484209457,1.0313542256576411,1.1452222879866567,1.0571783386343117,-4.058789206858595,6.234408611606623,-2.0920370879677366,-54.521218748737276,0.6513743660342652,True,49.11999999999931,0.0,-0.5255051868515266,0.054046230716821714,-0.7495303114565894,0.7514763355202264,4421.991878305595,2797.487701297894,2.550894670096738,3.4917440986811545,success,corridor
95,1.0134791752489511,0.9841615499697646,0.9218629992230056,1.050517992328851,13.661015322989005,19.504948472758556,-0.8616897083461741,-60.17259974559704,2.027253032599211,True,46.23999999999937,0.0,-0.48453536440631834,-0.11315080339559269,-0.7495239156106415,0.7580166253990581,4197.654445272503,2691.476404515848,2.034479717733677,1.8239530019786634,success,corridor
96,0.991680545618075,0.9956901890620916,1.0884563939424892,0.9752189497793626,-7.296525512590883,9.585199527758101,-1.6070439712788764,-55.96916307478091,1.819035717339873,True,47.919999999999334,0.0,-1.056328132868386,0.014540617466822102,-0.749457649515543,0.7495986912833286,4302.718312578498,2667.1130108561447,1.9403316248034705,0.8863167194180667,success,corridor
97,1.028130051871653,0.9494927129894521,1.0704646507026525,0.8940414595425125,-7.568944541001098,6.942791085795633,-2.1940555596862925,-59.27742762695903,1.0288769650066931,True,45.19999999999939,0.0,-1.182497668696233,0.10718807882599947,-0.7509626197281614,0.7585737541408824,4075.247598702048,2571.2013922241167,2.435196183724897,1.2585593394833146,success,corridor
98,1.0201807931104767,0.9528247741067969,0.9609967206496165,0.8999534900498337,9.191661857542943,12.237745011789865,-4.721491856808596,-58.6277005288791,1.4144068959258482,True,45.999999999999375,0.0,1.027694412108845,0.31372381575718694,-0.7497435814894374,0.8127349325320391,4135.153617958476,2534.6198007891035,4.973291394681174,3.072076207240784,success,corridor
99,0.9754445706301351,0.9748491543301182,0.9818262633249084,0.85157530589482,-6.2176689540600165,8.951542406277332,-1.9490555336642035,-53.978836639901566,0.2939121687507434,True,47.839999999999336,0.0,-0.8371975646865247,0.0624414220939471,-0.7506189404053278,0.7532116069792948,4260.495780146284,2563.448300164542,2.1790443337184087,3.6883483071870917,success,corridor
100,1.003265832899321,0.9839935046571104,1.1894950629995598,0.9518266541773199,-11.979501289526677,20.54566830083298,-2.9457096469500157,-60.47859546099564,1.0194876103297446,True,47.11999999999935,0.0,-0.892972187759415,0.24553580790068033,-0.7492507510979102,0.7884570508164807,4262.120416170994,2625.8341164287813,2.354075452367604,0.43049072875707656,success,corridor
101,1.0248509459945905,1.0284115577525774,1.135788672832551,1.0728788144682093,14.358843995584945,25.1027745116564,-1.3325513028290983,-62.21119649289687,1.1932438234327525,True,46.31999999999937,0.0,-0.389827408164641,-0.03430597766420382,-0.7493306467251041,0.7501155365841715,4267.080084430687,2931.8008198373573,1.9168715946150439,1.595399346783816,success,corridor
102,1.0215602450706505,0.943606877501908,0.9605917756410822,1.1268495043783595,-11.1662099617965,9.590509760457426,-2.686257543164337,-62.04415207119134,1.9432612996117824,True,45.919999999999376,0.0,-1.7930327795744847,0.1277742167126698,-0.7492963804476649,0.7601126996758494,4138.953753635418,2466.2943888779373,2.8235457188316895,0.5257574883341776,success,corridor
103,0.9849076170720598,1.039829530831541,0.9255888929094023,0.9522178844961904,-10.386533361223051,29.79023913415382,-4.2982908678707865,-56.16621219817871,0.1356278630541302,True,48.63999999999932,0.0,1.239106057796811,0.23670850004301172,-0.7505119608097582,0.7869556005970861,4414.333971981472,2864.4727438393165,3.5542728934297476,1.4310739450839705,success,corridor
104,0.9957992403715621,1.022911968884175,1.0934656342563855,0.9841560586058671,12.099782813036612,25.300032638208,-3.402198430685984,-60.51273151810831,1.592735835784823,True,47.99999999999933,0.0,1.01399552529666,0.14310521425317338,-0.749324937434232,0.7628675928411577,4374.631527487549,2785.7522547016742,1.5934710225542918,0.20968774415055605,success,corridor
105,1.0092606888658826,0.9772934117976263,1.193261229907147,0.9482642734658506,10.04316751010552,13.579374365816626,-4.996132765657851,-56.360506011184015,0.5152551960824125,True,47.03999999999935,0.0,1.682671862278613,0.2640690597736536,-0.7493253016900077,0.7944941007223165,4219.095359416871,2621.9585231665114,5.179638564693879,3.5666096421546736,success,corridor
106,0.981997437291395,0.9978611927790719,1.1228364457520583,0.8843095666708122,-6.063076525398664,36.051812490782204,-2.5628992342883663,-57.89841578827725,0.5921560740447813,True,48.07999999999933,0.0,-2.9281606777269933,0.2386649473809672,-0.7497112639467856,0.7867832842638731,4333.429493379266,2651.598856074237,3.451495546807206,2.7306505622816912,success,corridor
107,0.9871704717985874,1.0245415479129263,1.0691090299311867,1.0524532400479083,-4.289447044241452,17.00753049256909,-0.6173782087934938,-58.27939004532823,-0.06304541849695224,True,47.99999999999933,0.0,-1.1733311486656175,0.016131288036797375,-0.7503703820521599,0.7505437553632903,4360.197585934096,2811.5932494563895,0.9807345095395772,0.6556866038146485,success,corridor
108,0.9995326072021369,1.0381150277161804,0.9653199119288495,1.1440669527702672,9.919550740827916,26.44970581591204,-2.4321734592049635,-57.151343942976894,0.864120754573459,True,47.439999999999344,0.0,0.15076373245902533,0.08059774448847969,-0.7500043862412847,0.754322593986019,4326.098853565785,2940.7063404474793,1.0080346575979506,1.0518505115054366,success,corridor
109,1.0091278786022313,0.9701589712199706,0.9204828127265702,1.090255256399792,1.7700801990669923,24.555606937832614,-3.4147647571270827,-61.19308321589236,0.3482154162292407,True,45.919999999999376,0.0,0.10305763724027633,0.3608600547994846,-0.7507189122746293,0.8329458952397145,4166.137110417083,2624.9756881227113,2.4175270676613936,0.5426333484127438,success,corridor
110,1.0003446210233307,0.9717310085539714,1.124148320241296,1.124154142871534,1.9747742064762797,42.063923599790414,-2.361492084366798,-55.16695930720748,-0.06858337648635256,False,46.879999999999356,0.0,-4.836960220788938,0.16443172470718995,-0.7497237714667484,0.7675438264962505,4190.781625020361,2611.3354348574394,4.564796302596951,3.812279142932507,pad_miss,corridor
111,0.978912068253467,1.004765257398465,1.1525164889095227,1.003613644919791,11.634136521518684,10.362122573144514,-3.013689057851132,-58.78016317264134,1.1738039591707419,True,48.319999999999325,0.0,1.3965651889834678,0.15415329936974476,-0.7497690930108946,0.7654521098938571,4362.383973382668,2670.972828406586,3.2259486211293407,1.979357413082729,success,corridor
112,0.9795296604156114,1.0244184749967686,0.93376396430921,1.0723281565962108,9.842310029502215,7.856874100484147,-2.0460556781947616,-58.38692043078307,-0.024701160446723595,True,48.95999999999931,0.0,0.7913610025606483,0.08155806387962529,-0.7494619408144639,0.7538865422019259,4432.986027399438,2737.943297577942,2.2012127552802045,1.846876874758783,success,corridor
113,1.0230598347443722,0.9730662871520922,1.1778772975678913,0.9772930967817136,-13.246751875018887,21.03325932977285,-3.9467914184530546,-61.29551178643823,2.1756027001740974,True,45.83999999999938,0.0,-0.8569094394386636,0.3412647410805185,-0.7503409166689413,0.8243015920962063,4161.389704387722,2650.0743056769243,3.4510372541120717,0.4487091496475458,success,corridor
114,0.9937254416285882,1.0192334145226345,1.0506873955551455,0.9793847016926914,17.33252926224195,18.891249878270916,0.124817842216566,-56.39489608026134,0.33635446686498954,True,47.27999999999935,0.0,-0.4217433399110517,0.03847018373481611,-0.7502876065462851,0.7512732176602223,4286.389149407929,2848.2447522505136,2.840607067623892,2.884995027786461,success,corridor
115,1.019846456534837,0.9825480026150154,1.1710693009755127,0.9065097904756243,14.044533341203906,16.959951621949262,-2.6985473083419067,-58.19547238109845,1.6939498891742235,True,46.23999999999937,0.0,1.9476001812792876,0.23922462664359373,-0.7492770324519159,0.7865395688410827,4179.392481648654,2698.443536656454,2.353125758594817,0.844844337641609,success,corridor
116,1.0133504323741958,0.9708061231528654,1.0439767912054925,1.0553692786737587,-6.600135460571284,21.86098326879542,-3.5632689702746054,-63.218527683648695,2.278371060602525,True,46.479999999999364,0.0,-0.40270560951033585,0.2184803045080925,-0.749463000685758,0.7806589734671916,4221.11912988871,2574.5237321813474,2.5061410724584134,0.24934029003057015,success,corridor
117,1.0250434737833414,0.9763182015796399,0.9764998749582671,1.0792834274263314,-5.218014100508064,25.305293820382005,-3.311807923888045,-62.44385867757325,0.8554283941971321,True,45.999999999999375,0.0,-0.987674819436853,0.26587226167726036,-0.7495659524722802,0.7953220584361145,4187.51473796444,2646.7126730930395,1.9722567651083278,0.1946244399841862,success,corridor
118,0.9832859832250856,0.970601483645381,1.1903620071416015,1.1364568942492395,-11.392624182698547,16.93435665785749,-2.055779830647892,-58.72319803634071,0.9622856141365698,True,47.59999999999934,0.0,-1.6196398015316305,0.15279878798510668,-0.7500795105996192,0.7654846450655178,4264.400021944308,2529.8103635733605,1.659056374367177,0.41606497594238323,success,corridor
119,0.9982513412280586,0.9403293170181078,1.000851821782855,1.1144742030739343,12.945290920891281,16.41483332625808,-1.183179746264007,-60.67606394896414,0.013696460352420817,True,46.55999999999936,0.0,1.504942776843014,0.10389218377449126,-0.749493246414541,0.7566595748884967,4169.929158892723,2412.3760602340335,0.18660350755342953,0.060233126275040086,success,corridor
120,1.0062514443896189,0.9580317691947459,1.1830640249297013,1.129280911264926,-13.915125683275313,16.474909434119485,-2.561276695951797,-55.39264987446535,1.7684515957270843,True,46.79999999999936,0.0,-1.9895410298698335,0.21921330066782718,-0.7492163874981452,0.7806277387368797,4166.266460228202,2539.955924135018,2.5694468651703968,2.0062400560119515,success,corridor
121,0.9734554144723407,0.9928169116131422,1.1486854214736837,1.1283068976150392,-0.8858336975747712,20.443130929008202,-1.8645411858786742,-58.03151762463147,0.2794700904343767,True,48.71999999999932,0.0,-0.7079285309444264,0.09244607646211582,-0.7495762234234137,0.7552554480273193,4370.015888500959,2579.702492791039,0.8495086538835748,0.07728037293064392,success,corridor
122,0.9978702330396629,0.9763933669397619,0.9764037985881219,0.9049234183687804,-12.032814208175893,25.991781531285206,-3.9479898630735484,-64.12195018020212,1.14368160540353,True,47.19999999999935,0.0,-0.3001751736396899,0.29187892591319153,-0.7492917151715213,0.8041339327605312,4290.0497894789805,2544.7037790993527,2.856008777173124,0.20530960547103486,success,corridor
123,1.0026251729799456,0.9532781203710562,0.9248352576764006,1.0062634056348203,-8.385586176768914,11.71853177968103,-1.6653505597057285,-58.82389911562684,0.3906102189802161,True,46.63999999999936,0.0,-1.373349400174317,0.09597023729499497,-0.7494525693744323,0.7555722600707333,4181.367618908043,2491.5792236893503,1.5049326243723828,0.8556049879631046,success,corridor
124,0.9989490233287752,1.0147632032562548,1.1368092650279646,1.149539339901256,15.370296073869802,24.102023224203975,-3.1564660891260115,-57.58077038737117,2.0380301064384514,True,47.51999999999934,0.0,2.9588026382310972,0.07060470492348712,-0.7497618060116947,0.7530788737650598,4302.89904491328,2800.4433778805032,2.0380301064384514,0.1774618690664837,success,corridor
125,1.015590246267611,0.9846624590668819,1.176385506602286,0.9133454038586393,2.124642124482353,6.68543599703812,-2.745165355336716,-58.32173906321025,2.2666039731538135,True,46.479999999999364,0.0,-0.49495888780875696,0.1026085166033218,-0.7497297603451747,0.7567187200187182,4202.072682300499,2690.5645311676744,3.372462131115451,1.4917050597957724,success,corridor
126,1.0233229914151514,0.9607060234280949,1.1111958179186912,0.9555519765726743,-13.619136973874461,0.37186575291319457,-1.3535671231149364,-55.48859458916138,1.8360211240002802,True,45.83999999999938,0.0,-1.8137121866644093,0.08507406737888068,-0.7508604585941012,0.7556646248307051,4104.249770281491,2620.6923937151732,2.1869177560005824,1.6673050472430737,success,corridor
127,0.980920065324949,0.9965202033566414,0.9824624423855879,0.9471916805429629,14.020456632225837,21.094779505493168,-1.5904480291581846,-58.35798477073082,1.1581049601376616,True,47.99999999999933,0.0,1.1592385428907985,0.052335203489860385,-0.7496411550694402,0.7514657909034645,4328.247173717118,2647.3942497793723,1.1581049601376616,1.0119272960143912,success,corridor
128,1.0050902902760028,0.9458065028101597,1.170517065675341,0.8953566820725155,7.120780974797864,17.284002165479702,-4.872157724213064,-56.45387701197956,0.740007786079622,True,46.63999999999936,0.0,1.522873277965525,0.34957325364334474,-0.749474433180529,0.8269905595918671,4154.720496952621,2465.9250227184966,4.957362485289774,3.442995717656208,success,corridor
129,0.9934842425526793,0.9877679962502359,1.098711108910744,1.146389834685508,14.052932705203855,19.56666867626745,-3.8200518958584713,-62.102660724922956,1.3796368337614633,False,47.11999999999935,0.0,3.585159837803747,0.25970171645811,-0.7498289534090246,0.7935291052644268,4276.510019844063,2637.865953907589,3.3127607982230836,0.854397598597306,pad_miss,corridor
130,1.0046859408551252,1.0048014199774709,0.865465657951257,0.8813307287109426,-8.392969373297301,39.845669585837584,-2.1032458050323903,-55.17516420211523,2.2108298943545006,False,47.19999999999935,0.0,-5.875963868093743,0.09089696418897329,-0.74962094233408,0.7551117899255749,4261.095714220424,2772.5142256218714,4.572453441181292,5.0659564418949765,pad_miss,corridor
131,1.0279036152538514,0.978306268416028,0.9083334512955437,0.9218569844211822,11.840009644733414,14.54710576889885,-3.6848473714081464,-56.789862363605444,0.9233877528719142,True,45.67999999999938,0.0,1.3346312383135206,0.35662051272551426,-0.7514391231957629,0.8317685651464749,4127.32693188572,2720.8169470264766,3.8059053951483985,3.3421367359204477,success,corridor
132,1.021160725179881,1.022428929774623,1.1440486306426245,1.088619232059433,-9.956075054320443,16.547426130359828,-3.0701091683414305,-56.64745740650297,0.6765088589780207,True,47.03999999999935,0.0,-0.6798475438527026,0.2373529729222075,-0.7492851026812444,0.7859800244631241,4272.334911182905,2884.667597239455,3.16370165333419,2.631119406415709,success,corridor
133,1.0029975198349417,0.9810114108930789,1.0058067870440066,1.0004233244685121,-10.917779146631545,25.632909323791008,-1.1974622049505803,-57.70321693746862,0.3167678678934883,False,46.63999999999936,0.0,-3.4360320728572504,0.037906962504153374,-0.7496944559103461,0.7506521931154276,4204.995636233707,2662.0842400178444,2.4439550786482833,2.09755683514816,pad_miss,corridor
134,1.0110107284097078,1.0285875170536252,0.8976931528159016,0.9063194118029757,5.1234721923191096,10.620459106126347,1.4773023334271125,-55.16282555081549,1.3890950858811901,True,47.27999999999935,0.0,-2.870614455345324,-0.12635870769448443,-0.7496076255112665,0.7601829485294045,4293.956409366798,2906.1562100085794,3.796832655576025,4.614002297234655,success,corridor
135,0.9870104275197582,1.0242327367099333,1.1207033985024146,0.9638110916682896,13.022650114541023,19.466231639186248,-2.013042341154497,-58.69541249407068,1.0787377283910806,True,47.919999999999334,0.0,1.7548953463139727,0.06599543791045395,-0.7501290388190626,0.7530265418327585,4356.362001444606,2813.2671555249253,1.0787377283910806,0.17406434800298073,success,corridor
136,0.9902470678172064,1.0392873819800221,1.0302701751653145,0.9356257155775725,-11.010060307451827,22.66258256556748,-2.5624447001542348,-54.65508261049363,0.4221197746653677,True,48.55999999999932,0.0,-0.8955923714302545,0.18198922752307337,-0.7494369936508071,0.7712171460664012,4394.213617022389,2880.7980568377643,1.7650024138610958,0.7342531785268033,success,corridor
137,1.014580831675197,0.9807658417182074,0.9172656991327205,0.971584991348778,7.2852862492089585,8.412263239021396,-4.229236587298924,-58.14434848149044,0.9873301893074841,True,46.63999999999936,0.0,0.9324597815967182,0.2203211668835446,-0.7494968334253234,0.7812086276350982,4211.027851909119,2654.333040118334,4.77349643081104,3.3069683958808844,success,corridor
138,0.998786118267642,0.9523677661244888,1.1750731805823234,1.0524864524765236,10.510450816244582,26.836924972610582,-1.7348024530303854,-61.03992854729741,0.11203036597475269,True,46.63999999999936,0.0,-0.5345842200880317,0.05054263055424921,-0.7494436130361718,0.7511459822325182,4191.4180198522845,2475.156343019138,1.6009383657894045,1.0329052516800181,success,corridor
139,1.025822073331418,0.9935033054212705,1.1061864845398537,1.078692928594592,-0.20496493873003274,20.664395450219796,-1.9595032792372455,-54.30488080079992,1.0812252193981269,True,45.919999999999376,0.0,-0.7636940918443922,0.028307414370835664,-0.7502662509300035,0.7508000779121731,4138.7906167562105,2815.7325211926836,1.0812252193981269,0.371844406290813,success,corridor
140,0.9723838880378589,1.031769999075615,1.1683031675590922,1.0900711074332707,-12.376032052801932,9.315027892883606,-1.9348882219890027,-56.99744050456316,0.04105800898848548,True,49.19999999999931,0.0,-1.8013278530796393,0.10115966274356268,-0.7493009652167905,0.7560986799626125,4444.794450548296,2777.595542981009,2.2801876524384457,2.0006787405525692,success,corridor
141,1.0168914827462656,0.9806293562529037,0.9075840365233081,0.9103952571046356,9.499735792144097,16.377633831715283,-3.385702517811369,-55.7530871872944,0.6326140768432611,True,46.399999999999366,0.0,1.3496956731921725,0.3243337347065124,-0.749590444857045,0.8167485576905887,4175.458153829259,2688.947339941067,3.3861224335119804,3.502062257736207,success,corridor
142,0.9993425368921343,0.9587841658228801,1.0324102948953557,0.8581302528126673,5.527170486233818,22.467628814665602,-1.3396502912788042,-59.04124964374036,1.8461238082242133,True,46.479999999999364,0.0,-1.7847350570547895,-0.06865418199441063,-0.7506262198264909,0.7537593240526641,4178.918133437455,2532.571027322705,1.8461238082242135,1.8688487043963748,success,corridor
143,1.0077184017495429,0.9402619018770164,0.8685634319657441,0.9901797807192934,5.701428030056455,5.2276595191775,-3.2069657572969508,-61.637788921578874,0.6719879179776188,True,46.63999999999936,0.0,0.45925481772991755,0.1730748021816724,-0.7494537737031959,0.7691786827962578,4188.616254085911,2393.217059053204,3.77550805968481,1.888514932570121,success,corridor
144,0.9820807839498661,0.9664992527086168,0.9154754553602287,1.0021933195152641,-0.7421520947674836,3.8929214280199744,-2.0886030163034124,-58.844891222550125,0.05961911316157617,True,47.51999999999934,0.0,-0.10086241599858393,0.09325439777401229,-0.750733317650545,0.7565030713320255,4262.422400133924,2503.0723688263934,2.6565795125977028,1.9763324880910456,success,corridor
145,0.9881342014985404,0.9563674264400304,1.0296439077263015,0.8803578338079603,-6.901980758021061,26.38611885398682,-2.712491628028453,-55.22233369799278,1.0994939169813922,True,47.19999999999935,0.0,-1.4218433844190705,0.0832543404592521,-0.7503292262165776,0.7549339261949175,4199.725967908202,2494.8460171720108,1.271093012685908,0.8595401214647389,success,corridor
146,1.0008358211735418,1.0279895134539045,1.0436247098039264,1.0048417800710086,10.813620709628495,23.166641091777073,-3.4057912847259177,-56.09062458290959,0.9346721315353858,True,47.99999999999933,0.0,1.8378965667630573,0.21149596941964957,-0.7492906751899939,0.7785673130869509,4348.495676393599,2847.430917783735,2.3784619993445397,1.4582863831879114,success,corridor
147,1.0014131179594992,1.0183485423153642,1.170567318194599,0.9504581200269985,16.660841014641445,3.666274054258695,-3.225508092097661,-60.42824317194184,1.0391316976404599,True,47.51999999999934,0.0,2.8750262104442528,0.14366182176270642,-0.749135993970191,0.7627866389062447,4332.476954303704,2795.9628419038454,3.8423517758683787,2.090725472267289,success,corridor
148,1.0035369705707762,0.9894935638734907,1.0903223966568079,1.0162402598263427,-2.4678735947148986,15.639625074445819,-1.4879607727046529,-59.818881571709944,1.2495004215351453,True,47.359999999999346,0.0,-0.47525915576354233,0.01766199192671128,-0.7495424990074493,0.7497505610382371,4282.470925634134,2643.9840214803007,1.249500421535145,0.1949005520383968,success,corridor
149,1.0187596899559996,0.9837676084418016,1.1095560815830199,0.9041060495035652,3.572970577801474,24.20251717704018,0.025309592985714335,-56.50673190668938,1.0183285532116206,False,46.15999999999937,0.0,-3.798914590881971,-0.1484917905800385,-0.7501900277854865,0.7647449834150303,4165.496548443676,2720.876710648936,3.5699416409688585,4.410080704266392,pad_miss,corridor
150,0.9789139988886192,0.9854014309891805,1.0547299191945934,0.8798419871698908,2.04709774180764,15.926513379981316,-4.5140525855601945,-56.327003650678215,1.923716776515996,True,48.07999999999933,0.0,1.847905207905381,0.1957137856558288,-0.7498300532289602,0.774950962720275,4308.409729581039,2589.4002873432255,4.883968535300569,2.791955772916203,success,corridor
151,1.0192180878988368,0.9707635404512901,0.994900405989737,1.0172194726307788,-7.4674715260444025,23.737890186610862,-2.5776721656608994,-56.04281221013629,1.6641202766898502,True,46.23999999999937,0.0,-1.3806773347931474,0.03400637574270959,-0.7494166817525245,0.7501878407973025,4151.074656540397,2644.270126618634,1.6641202766898502,0.5947226669296202,success,corridor
152,0.988436649104911,1.0299754522448161,0.9045915526497885,1.1200201072886857,-1.9398949937790277,10.295291831795213,-1.187205804567265,-55.46392147464262,1.2126720682954686,True,48.23999999999933,0.0,-0.5219063097310185,0.026466676283576088,-0.75044421748469,0.750910785985731,4365.154501566092,2844.67366414762,1.2421624723222329,0.535218510696833,success,corridor
153,0.9912726508046301,0.9648692257491295,0.851882235351445,0.8682539462873636,0.9950933692089912,23.156070442717095,-3.3680800820382397,-59.66045426155806,1.0274175420665075,True,46.879999999999356,0.0,0.46757985043390565,0.25769525029455254,-0.7502707221660752,0.7932925050471459,4222.54372019053,2531.5408600533774,2.337635112489813,0.49833943990283947,success,corridor
154,0.972098279075068,0.9436461054482891,0.8744286025523036,0.9232176208178086,14.771214867195123,13.146118730356793,0.09888466884533509,-57.279918115826064,1.086186448289604,True,47.75999999999934,0.0,-0.09607334749883535,-0.009187500091547002,-0.749469252547538,0.7495255637215434,4240.837683770966,2364.685054367059,1.9500657904606697,1.7777903500192511,success,corridor
155,1.0203185003519482,0.9962801893428787,1.0250370822272215,0.8517560154959553,11.0511458929431,6.958694038364154,-2.8669346062545342,-56.79695838434267,1.483223648515962,True,46.31999999999937,0.0,0.39450473170901074,0.14859586185228124,-0.7498703469998732,0.764451612248501,4194.864952831984,2779.0963725681686,3.3484133503002753,2.879878927897875,success,corridor
156,1.0125047447939821,0.9785624821505667,0.8738736339182449,0.9925306221763888,3.767420293121006,9.66843761139213,-3.0901841500047147,-54.78729804265215,1.0485853661279596,True,46.23999999999937,0.0,-0.13789922758203338,0.19091921262310774,-0.7506767802604383,0.7745745762486694,4153.969468648382,2695.9679064055854,3.5803985189133956,3.2732780486296225,success,corridor
157,0.9935249125189329,0.9575218507353198,1.1348738958480822,1.1275394833253025,-1.140526483740512,14.336495051689274,-2.6946066802745783,-58.436413335885206,1.1663388012447145,True,46.71999999999936,0.0,0.08670827363900263,0.21448275299367214,-0.7502377766406841,0.780294542355963,4185.036241579721,2517.616713567517,2.667394030675647,1.491567527426667,success,corridor
158,1.0293923040677502,0.9769871050938176,1.1006555575746209,1.1460574397917642,13.915782939950148,12.66676450008277,-1.0315415139321384,-57.60564409427163,0.9549926910660487,True,46.07999999999937,0.0,2.1537654964329755,0.11120583938695988,-0.7492889153401453,0.7574962820802289,4153.077372205375,2685.832363451347,0.9549926910660488,0.13349108234051654,success,corridor
159,1.0026617295260698,0.9729885216258893,0.8584776759296973,0.9350721198764265,12.90049389144712,0.531353813150659,-2.3684703246729315,-58.35628651875382,0.4314945557551367,True,46.79999999999936,0.0,1.3745984384399108,0.15089706397147176,-0.7502261781358743,0.7652510975330719,4214.969439087556,2595.950212293672,3.1194619752798385,2.4621738713911867,success,corridor
160,1.0282592406230096,0.954818024178637,0.8793380922480465,0.915645572675036,9.880139636745579,8.413142460593798,-3.7401543780410504,-60.022296163983,0.3709725077416268,True,45.43999999999939,0.0,0.45880949888800937,0.24944744106278258,-0.7501756908709118,0.7905615681440759,4107.3609297115145,2576.3652395389436,4.234085916065762,2.8077066317497454,success,corridor
161,1.0146692163371054,0.9643404790077771,0.9145797493306848,0.9963740943574415,1.4967741789664224,19.3385154979027,-1.4553510118335105,-57.219327049362484,1.0348413393503346,True,45.919999999999376,0.0,-0.3990634469113133,-0.02079792105359681,-0.750719777433672,0.7510078147064874,4130.675037393306,2619.7083156611334,1.0348413393503348,0.7852029203566158,success,corridor
162,0.9851409657027497,0.9949382798806112,0.9245936334437596,1.124987443495956,1.4214615326135522,30.451467816691846,-2.3521489151831365,-61.95373111249197,0.09031258596297514,True,47.99999999999933,0.0,-1.6733235416886727,0.1563597619280213,-0.7496797734226361,0.765812077359193,4353.150045828108,2611.4179133361686,2.254441785632033,0.9413778393589514,success,corridor
163,1.009673675083022,1.0238212669756652,1.0613697385413219,0.9728999988066453,2.2116795493219534,26.05705906906185,-5.231416349943753,-58.21724686667637,0.5817880490550625,False,46.959999999999354,0.0,3.125793889277337,0.39288390055418465,-0.7498278396849284,0.8465220307122769,4285.192408591629,2881.556460238029,5.0342899487392065,2.5770786537662436,pad_miss,corridor
164,0.9730491215596248,1.0104192052448269,0.8808031378369922,0.8599788140528651,-0.9386020772001622,17.920338734679277,-3.0686776079976403,-58.99513556885473,0.7624656455323022,True,48.799999999999315,0.0,1.0982421081385167,0.1520138723818601,-0.750096071367257,0.7653445849270258,4413.163093408468,2659.7713433053214,2.8722944066545852,1.3799884420695643,success,corridor
165,0.9953741326547382,0.9529276515287319,0.9580835062364855,0.9720906342230953,9.599647346666124,6.855662383160746,-3.665195255129227,-56.04610451373694,0.7942363806880253,True,46.959999999999354,0.0,1.1450286063689632,0.19167820157306548,-0.749486178603451,0.773608470013022,4184.536503242431,2485.957057458694,4.432383472786093,3.413169990621587,success,corridor
166,1.0041769268194196,0.9647554274626758,1.1345173128341879,1.130559665643417,16.825994285583658,27.329136379446126,-1.8446513716741477,-60.844662797974216,1.274201179439142,True,46.479999999999364,0.0,0.7955641534413241,0.016981741867190217,-0.7492154682160915,0.7494078978574359,4191.023134047053,2562.2648581916765,1.574975405249636,1.6718075740842508,success,corridor
167,0.9851359754022961,0.9674630491114342,1.0834074865369887,0.9773890907565559,3.9512531280537004,30.585727810829344,-2.676796267746261,-56.7726957265244,0.7497719059471184,True,47.439999999999344,0.0,-1.419384242845481,0.10390283678736205,-0.7506490968054792,0.7578059553918423,4239.878846016942,2532.362497763097,1.8821900330093575,1.7435128979212593,success,corridor
168,0.9983265799506291,1.0120393082362207,1.1719165128353752,1.0705699716074304,13.240355069776658,20.370672817114368,-2.2250824212171323,-56.274222038480154,1.0762233244287254,True,47.439999999999344,0.0,2.0087755341948204,0.09894314408078958,-0.7500627116613219,0.7565605178604863,4285.153547285274,2799.121610368271,1.0807123623401522,0.1380506349957523,success,corridor
169,0.9872074014336343,0.9836742129380995,0.8807894129708125,0.8974504829984226,10.787443164330334,18.610538561816995,-3.351495884012766,-58.99812690221568,1.7125132180986196,True,47.439999999999344,0.0,1.8067299014789289,0.1963205017485351,-0.7505365224254079,0.7757878646261628,4279.805901379554,2605.9135891871447,3.0132920394818816,1.0287751252168524,success,corridor
170,0.9898343027658161,0.9502601976540986,0.8726668068912913,0.8727087708363179,14.442836140061981,23.286641574510984,-1.9564604590398222,-56.867025160420496,1.2806414463590834,True,47.11999999999935,0.0,0.938853240636103,0.0485755526000404,-0.749325115418301,0.7508979377432392,4199.882897329026,2451.9384862496627,1.2806414463590832,1.2055860797300728,success,corridor
171,0.9900890374518386,1.0102391923485148,1.1899481760139963,1.0974452314091827,12.034548731018099,16.94505340906419,-1.4067886844329502,-55.92284043776659,1.9958720041858597,True,47.439999999999344,0.0,1.3765579979125215,-0.04738829636994945,-0.7503401638142084,0.7518350963247056,4279.912099976616,2791.762246462986,1.9958720041858597,0.8242144051087485,success,corridor
172,1.0101896800368229,0.9919391113496243,1.154618838220696,0.9965310204580314,17.081616301417746,15.469289463933286,-3.2824806507695232,-55.69212734618316,1.2583425257210727,False,46.79999999999936,0.0,3.7084047886783544,0.27757229302506126,-0.7499875225757494,0.7997047341828737,4211.239793646877,2732.333985800491,3.268224670249208,3.1579116108534104,pad_miss,corridor
173,1.0205054395471227,1.0397281807852614,0.9437623554367475,0.9887738162150519,-6.627046544815439,14.619841393412766,-2.148388457674708,-62.25585787083604,1.475040873133762,True,46.879999999999356,0.0,-0.7173799324610471,0.15005562131984104,-0.7496245506543537,0.7644956876486781,4328.351203942631,2949.746061554197,1.8045569831721155,0.1559882475761638,success,corridor
174,0.9830173686744872,0.9472792074082359,1.0550008441744478,0.9937789211457105,11.833030556768104,8.508705932427828,-1.9951825199650859,-60.03841240506256,0.9256758244997318,True,47.11999999999935,0.0,1.0258443135806508,0.12150567935162478,-0.7497914358354093,0.7595727926715283,4215.724796128692,2415.229655728959,1.9397951773515014,0.8835208988266343,success,corridor
175,1.0144687151732508,0.9531460132427487,0.876924159175984,1.0284195110877452,-2.650277980690749,11.635266146656885,-3.49075131864861,-52.90317233660975,2.7533183328790583,True,46.479999999999364,0.0,0.1984978112097458,0.23319331634428048,-0.7495470894665267,0.7849840521407967,4127.497256449238,2544.5248362500024,4.1838975429666245,2.3356749169165183,success,corridor
176,0.983513996227056,1.0169074314975182,1.152191056387125,1.0499619150640678,-3.0942431083736963,24.803440253571303,-0.9749209462580499,-57.54764564679746,1.0466955251732217,True,48.23999999999933,0.0,-2.8807620790551676,0.11587073721248972,-0.7506554173616847,0.7595456427079356,4362.457040028836,2755.8949804537915,2.459583017897075,2.6527783609141236,success,corridor
177,0.9964991133387158,0.9942707988357913,0.9656067880386813,1.1143100461746833,-6.067094885713065,28.682663301471365,-2.5914929183610336,-61.587684664888315,0.7744645656930668,True,47.359999999999346,0.0,-1.8068611683267093,0.09433423854989428,-0.7494420427713763,0.7553557599145728,4301.854711858952,2658.040879991586,1.8262635610386981,0.9237766067524653,success,corridor
178,0.9918441399471675,0.9801092375343734,0.9566373308439111,1.0607270957126218,-7.03244639440004,24.442813228878066,-1.12392183764684,-54.281645720158394,0.4513848866278718,True,47.75999999999934,0.0,-2.7530776723207437,0.07979631807712839,-0.7494264313118283,0.7536626754241241,4260.635148631809,2600.129514108805,2.163728904379446,4.09826168764533,success,corridor
179,0.9732418841224927,1.0330610523263744,1.1684840505356422,0.8954147695188234,17.6440472506163,24.360052498836918,-0.8593018921036439,-61.99864165812088,1.319584804226101,True,49.279999999999305,0.0,-0.60890892729682,0.13775114046950565,-0.7491799618977923,0.7617387951324437,4492.517139474992,2738.9102268096285,2.7184758980326236,1.942830752829678,success,corridor
180,0.9950884966561631,0.9631544454689918,0.9575982669591102,0.9125512613015143,12.475362598868493,16.646896060844877,-2.4442342392640253,-58.793086767851406,0.019488879205243927,True,46.71999999999936,0.0,1.4538130540960972,0.26649338672011524,-0.7495066112071472,0.7954740004605925,4199.218143573165,2542.8629747097766,2.0967626481987263,1.4011101807039756,success,corridor
181,1.0059524801093753,1.031744145903202,1.1999876226217008,0.9063958742602687,7.745780305226969,21.6125562259904,-2.8046694193562383,-58.04825315618329,0.7872550455564525,True,47.19999999999935,0.0,0.43986361647296807,0.19091095378275355,-0.7505429479816439,0.7744428378125898,4308.150597252388,2914.0584240700264,1.6808653227423647,0.5377719250792031,success,corridor
182,0.9780078514503786,0.999788264943145,1.1378320809638038,0.9329228110056299,-6.912483538580034,15.943434987932807,-0.6545832040909223,-57.04212720048311,0.3393001833754131,True,48.47999999999932,0.0,-1.2627651172917975,-0.0027604786260497223,-0.7496826524085753,0.7496877347033241,4356.693850608299,2641.8240039937155,0.8036361624728513,0.7161506073270535,success,corridor
183,0.9852143604595143,1.0018406810754068,0.8830884131330189,1.0250108703855063,13.89285387555418,23.378113092881357,-0.22998966443928293,-57.0212439449503,2.025036975586561,True,48.07999999999933,0.0,-2.964344741782483,0.07267072924487726,-0.749388072984809,0.7529033927542549,4332.265913539115,2680.6188539887335,3.6456380099063224,4.10655241239893,success,corridor
184,1.0137719603578197,0.951380894833221,1.1548412260269363,0.9914687459369917,-9.151974634534131,26.079031007880438,-3.8582066792729304,-58.35169717115592,1.257287903473504,True,46.07999999999937,0.0,-0.8448288015554979,0.3266322160134753,-0.7495874777669104,0.8176612937903028,4131.963029447441,2527.703234385106,2.6725529311257934,0.5600653893424278,success,corridor
185,1.0053083352158827,0.9484882754005,1.123017708909836,1.097011855557273,-0.9661982038226924,10.342307360072052,-1.3681848939200236,-62.598204861801264,2.509307785663123,True,46.23999999999937,0.0,-0.40290460086835805,0.021293352419586752,-0.7495778822636922,0.7498802627327821,4170.532875711302,2468.8850520921987,2.5093077856631227,0.832036601744343,success,corridor
186,0.9947233931804744,1.0248052821482807,0.9804118478019475,1.1347654334294108,14.423009291709693,28.869176559453944,-1.3390326484065864,-54.329423645825614,0.4533046147189306,True,48.07999999999933,0.0,-1.136081138849839,0.12302077941715873,-0.7492000128127445,0.7592330151982472,4335.796061903053,2837.8409131349144,2.4885891078099514,4.099317538095412,success,corridor
187,1.009238357712126,0.9977520258654561,1.1287309753146788,1.0261482357398846,-12.17076902649621,16.467579463146393,-4.5097693755560995,-58.830463687872495,1.14950671007969,True,46.79999999999936,0.0,-0.41501900797341906,0.268987108819062,-0.7496048710971235,0.7964053788639132,4243.51116323279,2740.753017825402,4.944099623917802,3.0241091918323475,success,corridor
188,0.9726316955977531,0.9854397475551644,0.8782168502554797,0.9709768772021444,6.868572281660594,24.092251422036444,0.11843940103061668,-57.16146186681146,1.4311516487870193,False,48.15999999999933,0.0,-3.979165822672125,0.13200280520978802,-0.7506049621723613,0.7621237103128502,4321.188003407955,2576.8902294781947,3.9718750904715097,4.361747261266304,pad_miss,corridor
189,1.0150179588128585,0.9404199290239127,1.076265803649764,1.0932150068685844,-1.632239984446496,7.444777280176103,-4.564883232755321,-63.93769001656377,1.8679186625692479,True,45.919999999999376,0.0,0.5149907444117534,0.23976261700182386,-0.749727236206607,0.7871321624870634,4149.81318934388,2433.126313823508,4.963937994547222,1.5853338034876376,success,corridor
190,0.9930677943260721,0.9983325120330024,1.1594473901115459,1.058115313385067,1.569226328747348,16.415331188325393,-3.4166885393134443,-55.73612042726688,0.9386912243968506,True,47.59999999999934,0.0,1.195269105619668,0.2215155140451263,-0.7502414751924722,0.7822604387680956,4279.328513696375,2708.9990705346427,3.5615094323562575,3.3337198265817327,success,corridor
191,1.0043532437542178,0.9433801355084154,1.1634392383320995,1.0884579754470989,4.156032502284294,3.0757008624720363,-2.25844687642571,-57.47139637016586,0.738913911186634,True,46.479999999999364,0.0,-0.04806483568237518,0.11975783919949105,-0.7496519556478622,0.7591574241594398,4143.592573955433,2460.068374603474,2.7814024409174665,2.3593032629818973,success,corridor
192,1.0295387630094495,0.9785862555300442,1.17945951750287,1.0973886953550285,12.218606047477646,29.539440816005047,-0.08215164093803207,-53.470833811139315,1.422155431526587,False,45.919999999999376,0.0,-3.2362987941215953,-0.3653471685236963,-0.7492334896612268,0.8335642600173198,4114.030777632484,2736.073011077824,4.608369925067348,4.6321854873396235,pad_miss,corridor
193,0.974439920867363,0.973657729682814,0.9764793083748422,0.9105239868092913,-8.491340622442848,0.6492746919716907,-0.92861443192455,-58.296465288543835,1.1578547164362396,True,47.839999999999336,0.0,-0.8710304160290451,-0.001014522512623863,-0.7502968464651866,0.7502975323640165,4289.875637068715,2525.728470710983,1.4027541896674343,0.4035882176292771,success,corridor
194,1.0280716948873934,1.006392427873831,1.0153356552950135,1.0584484500635496,-6.074231355276794,18.762255815852896,-3.7809388591483186,-58.62934820514589,1.0495328375484643,True,45.999999999999375,0.0,0.3911751671666446,0.35032049574358554,-0.7496082666731589,0.827427944417379,4194.6979339865175,2850.0490611302994,3.741146244002344,1.9428795346210623,success,corridor
195,1.0075781145385647,1.039848105564792,1.009214017422792,0.9026629611999644,-12.75210352296168,17.226883252393826,-1.9642413685604598,-55.47764878728687,0.6332479968779327,True,47.67999999999934,0.0,-1.2937411637125829,0.16944834497168473,-0.7495695612118701,0.7684837465483565,4336.3218960899685,2942.614842863575,1.5556694309548638,1.1036454120104375,success,corridor
196,1.0037504108704773,1.0059823424091725,0.8966845353534956,1.0478534304958218,-13.57728403218696,10.787789712213844,-5.94368911497245,-60.09794628501717,2.311002972449682,True,46.71999999999936,0.0,0.6101110791189377,0.20911393281312707,-0.7496441017591989,0.7782640401553507,4261.3228304573495,2780.5535664068593,5.916362210619391,2.5789483651526757,success,corridor
197,0.9806829901872438,0.977676905981153,1.0346140410338345,1.033726216016248,-2.206943866530814,24.128572855646375,-3.4579904390830043,-60.73594010198276,0.9179777250921372,True,47.51999999999934,0.0,0.5222150574167455,0.2290143472310891,-0.7506876835207051,0.7848436592260679,4287.713323499167,2556.0250183689022,2.3907466122569745,0.3661914241983272,success,corridor
198,0.9727522333577981,1.009242154706652,1.064226496287668,0.9970562477039966,15.010008870405944,14.884073941652982,-2.2133449479159815,-57.98541361117652,0.6932191881412697,True,49.19999999999931,0.0,2.37410667382464,0.13068684134691258,-0.7492457567662781,0.7605578574530053,4426.929177265578,2637.765905680986,1.8217665922093982,1.2765519437068145,success,corridor
199,0.9865226811422456,0.9981035682089012,1.0264452610824697,0.8662782378835889,11.425020735995773,9.007977765979543,-2.132929353339322,-57.77359792541873,0.5016180376220948,True,47.67999999999934,0.0,0.7154576095312317,0.11064417448197535,-0.7497197319963159,0.7578402271530759,4303.71851878786,2683.0064586744484,2.1964001629421785,1.7653264728948606,success,corridor
