case_id,thrust_scale,propellant_scale,drag_scale,density_scale,wind_x_mps,initial_x_m,initial_vx_mps,initial_vz_mps,initial_theta_deg,success,final_time_s,final_altitude_m,landing_x_m,target_x_m,landing_x_error_m,touchdown_vx_mps,touchdown_vz_mps,touchdown_speed_mps,propellant_used_kg,propellant_remaining_kg,max_abs_tilt_deg,max_abs_gimbal_deg,max_abs_commanded_gimbal_deg,max_abs_throttle_tracking_error,navigation_rejection_count,failure_mode,guidance_mode,navigation_mode,actuator_mode
0,1.021747048921407,0.9815693723646981,0.8599579726592079,0.9670791396028174,-3.7283639251913243,21.711472265787435,-1.0013969048126927,-57.4985453560074,0.6294058600313623,False,22.879999999999864,0.0,3.262322794172288,0.0,3.262322794172288,-0.21584557239565072,-2.4950854877230775,2.5044043008606085,2375.7875996064868,4495.198006946401,0.6294058600313623,0.9346694659549984,0.9346694659549984,0.0,0,pad_miss,baseline,truth,ideal
1,1.0044274954929107,1.00719209587308,0.8919650454777588,0.8880330745260027,-9.453676896133793,15.452348469176286,-1.7662076855345763,-57.741115679387576,2.047060593257826,True,23.11999999999986,0.0,1.908615576410338,0.0,1.908615576410338,-0.13856181553660657,-2.284776842038063,2.28897457273737,2416.489365687932,4633.855305423629,2.047060593257826,0.4444259410783769,0.4444259410783769,0.0,0,success,baseline,truth,ideal
2,1.0101013398003098,0.9633707345339922,1.005949241827155,1.123799373822537,-3.233323334683366,15.961074597566679,-1.728795532209996,-59.063478208349814,1.552205241539665,True,22.879999999999864,0.0,2.1589930039833636,0.0,2.1589930039833636,-0.17150018539098932,-2.4850521408390653,2.4909629576286285,2371.280982944245,4372.3141587937025,1.5522052415396652,0.3555990945339125,0.3555990945339125,0.0,0,success,baseline,truth,ideal
3,0.9936716677562735,0.9720821924047524,0.9574644735103708,0.9003265410908231,5.242382659854908,9.41532869785138,-2.3568664402854704,-56.71133815624142,-0.02637510328067364,False,23.03999999999986,0.0,0.8071641742842259,0.0,0.8071641742842259,-0.189598125474676,-2.5249854189032583,2.532093761071571,2375.25791164568,4429.317435187586,2.2020088083796034,2.09453596773556,2.09453596773556,0.0,0,vertical_speed,baseline,truth,ideal
4,0.9986939999118145,0.9567046241280568,1.0639449943462516,1.123233731720547,1.3778000540093096,32.492909137068914,-3.9073025034289772,-58.58559165922606,-0.27469754922308565,False,22.959999999999862,0.0,3.980945304850232,0.0,3.980945304850232,-0.47792965437507057,-2.4336272679358903,2.480112584898553,2368.991945210164,4327.940423686236,2.492782149907524,1.5844693380914268,1.5844693380914268,0.0,0,pad_miss,baseline,truth,ideal
5,1.0099549507844119,0.9866424140870823,0.9300879360964406,0.917221234227611,5.85917459652002,4.186085132664852,-1.0679695003166303,-57.70391138371572,1.5109997910405326,True,22.959999999999862,0.0,0.8388111974345728,0.0,0.8388111974345728,-0.05988419504402598,-2.4984356697993406,2.4991532391875753,2386.8198494514327,4519.677049158145,1.5109997910405326,0.08093604615202753,0.08093604615202753,0.0,0,success,baseline,truth,ideal
6,1.0128465944004987,0.9928738911321268,0.8795240608487201,0.9428708163448996,11.189465775597789,14.38895678711847,-2.638977907730319,-57.52116052808496,1.0081105308167189,False,22.879999999999864,0.0,2.1364080484914854,0.0,2.1364080484914854,-0.24476411232794526,-2.7243466446297235,2.7353197456218754,2381.349310090063,4568.767927834826,2.031167413506617,1.1632075333452612,1.1632075333452612,0.0,0,vertical_speed,baseline,truth,ideal
7,1.0033050995003159,0.9996992877613604,1.0520740175377399,1.087976292406594,-5.920294832528587,21.751409480140005,-3.9768900146095776,-57.52862963096395,1.7055160528138562,True,23.03999999999986,0.0,2.0555688242703702,0.0,2.0555688242703702,-0.288109540715181,-2.4333808938475268,2.450377457044792,2396.9670801448556,4600.927934184667,3.237006352317979,1.6388543642847757,1.6388543642847757,0.0,0,success,baseline,truth,ideal
8,0.9846563702057628,1.0202694431133803,1.140669602884437,1.0908796753748982,17.53061580838028,10.195021405724749,-2.5425435585724387,-56.062634465871035,1.5097453360783495,True,23.359999999999854,0.0,2.2004222388529753,0.0,2.2004222388529753,-0.13293929581413447,-2.2671153138247746,2.271009621853321,2421.816280955627,4720.0698208380345,2.28299090032367,1.735047128706503,1.735047128706503,0.0,0,success,baseline,truth,ideal
9,1.027369078671394,0.9622609419122248,0.9808954531735281,0.9389898190867925,3.0281709543068835,12.46119788535345,-5.113395289844556,-53.222743028344844,1.240349912444548,False,22.719999999999867,0.0,0.3246117676506589,0.0,0.3246117676506589,-0.37758920510857535,-2.865381322980143,2.890152891093819,2312.8820634767217,4422.944529908851,5.143621716888094,3.729582570662838,3.729582570662838,0.0,0,vertical_speed,baseline,truth,ideal
10,1.021387702308113,0.9449537863698603,1.012808781825978,0.9122881961388689,-3.676978976773018,20.506056747437306,-3.6349943474694735,-57.30457898643813,1.7286457895684864,True,22.799999999999866,0.0,2.2033977192874206,0.0,2.2033977192874206,-0.3082354408184681,-2.434198175031663,2.4536360451998647,2342.7140992308923,4271.962405358128,2.7896928993813295,1.4487493488046066,1.4487493488046066,0.0,0,success,baseline,truth,ideal
11,1.0235608614642704,1.0016520039856014,1.1660756569388493,1.14706719951194,-6.106903625889334,21.514604973071442,-2.6269637898335523,-59.61811251479646,0.10325312173295655,True,22.879999999999864,0.0,2.2056828332550347,0.0,2.2056828332550347,-0.2830067629333672,-2.4413194435391308,2.4576682960212985,2398.4874932127386,4613.076534686472,1.7045838026132343,0.8015641385279729,0.8015641385279729,0.0,0,success,baseline,truth,ideal
12,1.0046987465618809,0.9538025743396483,0.8751523904788013,0.8729338919528896,-2.0581477109095054,28.69262466426276,-1.1137173318617215,-56.86366419954252,0.5808994269877009,False,22.879999999999864,0.0,4.514793020812893,0.0,4.514793020812893,-0.2944679777496197,-2.6122244799269123,2.628769317275553,2352.313711839761,4324.304308537776,0.8807166912557152,1.442697048308288,1.442697048308288,0.0,0,vertical_speed,baseline,truth,ideal
13,0.9819989584512546,0.9955275051700977,0.9097175279029741,1.1001858417897594,3.2393354341281757,26.07553330949183,-2.6601102905420033,-57.378749324770915,0.7495824094666109,False,23.279999999999855,0.0,3.5947007067322665,0.0,3.5947007067322665,-0.32962718358591686,-2.3850892327459117,2.407759275409248,2414.424792509075,4554.267743681608,1.208733757277317,0.459658687675214,0.459658687675214,0.0,0,pad_miss,baseline,truth,ideal
14,0.9766757047833045,0.964058311360241,1.1580821755691264,1.0000400798027893,8.526963182040863,24.367143907329115,-2.0572698101836115,-62.042102992710674,2.0521760672426232,False,23.199999999999857,0.0,4.326061276162982,0.0,4.326061276162982,-0.28239852897233503,-2.4000704268678192,2.4166271915815263,2420.8837623655745,4327.5244171561135,2.0521760672426232,0.9372348814636617,0.9372348814636617,0.0,0,pad_miss,baseline,truth,ideal
15,0.9955420886803017,1.026500111783143,1.1157139023230958,0.925800256640975,-9.846469636466143,20.755954360845614,-4.4671171703490105,-53.052300112856834,1.4113128304651088,True,23.199999999999857,0.0,1.068874858455665,0.0,1.068874858455665,-0.27231910576950474,-2.4200219608446876,2.435295461815192,2393.3506713931565,4792.150111088842,4.078007808573216,3.63555296575153,3.63555296575153,0.0,0,success,baseline,truth,ideal
16,1.0034916064443977,0.9564724319228719,0.8961069098265658,0.8928212888320699,15.045225961168118,23.62123541335271,-2.5817047603854,-57.53319016977977,1.7887712081450484,False,22.959999999999862,0.0,4.11201788877008,0.0,4.11201788877008,-0.3091503271836175,-2.4466087444021434,2.4660633148771285,2365.374415523682,4329.932607936422,1.7887712081450484,0.06681021760854101,0.06681021760854101,0.0,0,pad_miss,baseline,truth,ideal
17,0.9873148798277946,1.0378573538072058,1.0865603364922924,1.1009143608602503,-6.374419505195693,28.11238266516395,-3.954702791256066,-58.301241191721424,0.7855320894854576,True,23.359999999999854,0.0,2.762243813544972,0.0,2.762243813544972,-0.33137646860193165,-2.3287239274290674,2.352183133627938,2454.930872487632,4810.070604162807,2.7624899382421493,1.4008912414363648,1.4008912414363648,0.0,0,success,baseline,truth,ideal
18,0.9806104811037019,1.0231744045638194,1.0107004675988993,1.0656490686683902,8.898889617677401,21.13958325437359,-2.224053472744157,-57.26564139347319,1.2348921895353446,False,23.359999999999854,0.0,3.3938460965567527,0.0,3.3938460965567527,-0.2626139009722604,-2.4553204791112417,2.4693247490208585,2436.3786826953947,4725.842149251341,1.2585027114828535,0.11712619056296115,0.11712619056296115,0.0,0,pad_miss,baseline,truth,ideal
19,0.98357498801071,1.0016999528384078,0.8518999707984197,1.1361141850723302,10.210983175873107,9.808193455753264,-2.4604544907571766,-55.49744034593819,2.0092313831082125,True,23.279999999999855,0.0,1.4329485784968323,0.0,1.4329485784968323,-0.11871663748126902,-2.349797612668315,2.3527946065299816,2403.8023761927507,4608.097293676106,2.435832326782644,1.7441210276772632,1.7441210276772632,0.0,0,success,baseline,truth,ideal
20,1.0083071059883086,1.0289885223378463,0.942216614150645,0.8672269334875959,0.217958373114147,1.4523567911800335,-2.6617172393675914,-56.7927624849297,1.098542471635108,True,23.11999999999986,0.0,-0.7289872636332261,0.0,-0.7289872636332261,-0.06710678230654667,-2.364476005702281,2.365428101163371,2423.4094064255805,4779.510249939343,3.1284690815934715,2.499471657375306,2.499471657375306,0.0,0,success,baseline,truth,ideal
21,0.9820170082036949,1.0358245465605582,0.9439441827796597,1.0538126150596776,-0.10655443419055644,12.089396971110943,-2.516232569497044,-59.027798611320996,1.1374145724537086,True,23.439999999999852,0.0,1.1130476324090952,0.0,1.1130476324090952,-0.1333264713392248,-2.261208944015177,2.265136162894849,2469.855932054339,4780.915893869569,2.080690453904108,0.7786892588687847,0.7786892588687847,0.0,0,success,baseline,truth,ideal
22,0.99821968630274,1.0150375701648802,1.006369063690032,0.9519134842169077,7.001094877855071,17.05730408460406,-1.166687066009113,-59.81419796906742,1.1928499170537623,False,23.03999999999986,0.0,3.066475803377005,0.0,3.066475803377005,-0.198959727963661,-2.658155882008718,2.665591429009502,2426.4533402283196,4678.809650925839,1.192849917053762,0.6958024892181419,0.6958024892181419,0.0,0,vertical_speed,baseline,truth,ideal
23,0.9923788810511982,0.9741169848012552,0.8984172207239969,1.1176913812805858,-11.15043570975731,13.764772406488031,-3.3204108477023753,-56.943793183583146,0.32535946822160683,False,23.03999999999986,0.0,0.346232909294295,0.0,0.346232909294295,-0.21458930999776188,-2.5649318327903754,2.5738927481203855,2375.671101083535,4443.147792525251,3.221177627667774,2.5783718465383374,2.5783718465383374,0.0,0,vertical_speed,baseline,truth,ideal
24,1.02084784638545,0.9422959584585118,1.056359070742066,1.0942993448979172,17.322752088934934,22.68508191733413,-1.745419028115443,-60.82161024497246,0.8644247689790977,False,22.719999999999867,0.0,4.808609682054493,0.0,4.808609682054493,-0.31102131141595485,-2.6404156368354945,2.65867053081052,2354.453833323114,4241.617875886466,0.8644247689790977,0.389823229806978,0.389823229806978,0.0,0,vertical_speed,baseline,truth,ideal
25,0.9796441601623137,1.0265377218445815,0.9113455120109778,1.0089391550905584,6.48296880843473,16.835200462954372,-3.0442389230565823,-52.89808811420868,-0.08162769780550051,True,23.439999999999852,0.0,1.5265793582665168,0.0,1.5265793582665168,-0.24519839470364155,-2.264238600155895,2.2774763865298735,2414.1777416465993,4771.58631126547,2.559146783749824,4.456670256300365,4.456670256300365,0.0,0,success,baseline,truth,ideal
26,0.9762670183908059,1.0275938577318384,1.0378338036169434,0.920716514931208,0.986282401830131,23.955399183452283,-3.6412229502085056,-56.78272419331144,0.4248391883283847,True,23.51999999999985,0.0,2.448757343611878,0.0,2.448757343611878,-0.2897021835403282,-2.2644134055185523,2.282869997665255,2453.031469855883,4740.1255342669865,2.679028785587386,2.11601555901802,2.11601555901802,0.0,0,success,baseline,truth,ideal
27,1.0087217408702676,0.9925288344910989,1.0393878246865513,0.8812253808487042,17.574004708711144,1.044475756716114,-1.7093078127556969,-56.81143495758754,1.530290644409109,True,23.03999999999986,0.0,0.8159071559411215,0.0,0.8159071559411215,-0.0631594068116643,-2.3326523845101916,2.333507286817396,2388.9165549684403,4558.78528646925,2.036011866052943,1.1384507191067375,1.1384507191067375,0.0,0,success,baseline,truth,ideal
28,0.9919172835373291,1.0365416759287966,1.0552091158298287,0.9063590210312465,0.14595925364287154,17.417276420214428,-3.745193936868011,-59.67041614752503,0.7102719959887944,True,23.279999999999855,0.0,1.3290067184356191,0.0,1.3290067184356191,-0.23618878425144446,-2.259962810149875,2.2722713405459953,2463.769441863642,4792.022289637935,3.196034238675647,1.5637346534879553,1.5637346534879553,0.0,0,success,baseline,truth,ideal
29,1.021901478570538,0.9943229304359463,1.0072141500564138,0.9852428841286747,16.898994897189016,25.36659155166481,-2.4189093714519188,-60.74259493466512,2.171747230248741,False,22.799999999999866,0.0,4.984925401991495,0.0,4.984925401991495,-0.3227646533677412,-2.654508038109702,2.6740587027686242,2398.605319634149,4561.655193417475,2.1717472302487404,0.7753427087476684,0.7753427087476684,0.0,0,vertical_speed,baseline,truth,ideal
30,0.9717316960367345,0.9620508004304374,1.1432443758237372,1.0964750123076885,14.104307474943951,26.376392394622574,-2.619163003349976,-57.59349735381653,2.2722043926255657,False,23.279999999999855,0.0,4.934008508390174,0.0,4.934008508390174,-0.31594832716361604,-2.475617163535525,2.4956970340626614,2386.774211802218,4347.581391210846,2.2722043926255657,0.4748686497370115,0.4748686497370115,0.0,0,pad_miss,baseline,truth,ideal
31,0.9767272133896197,1.028922977369551,1.136405050345268,0.9403187605741318,1.4604943965191666,22.594762807461322,-3.4118165045541637,-55.54563855472949,-0.6425246064573831,True,23.51999999999985,0.0,2.0598819416649956,0.0,2.0598819416649956,-0.2996073942883479,-2.288850205382258,2.3083760207970143,2441.7104411629953,4760.750400423862,2.766226516968247,3.2283292103790524,3.2283292103790524,0.0,0,success,baseline,truth,ideal
32,0.9972591364725412,1.0149711016461198,1.0906807029035037,1.1103463562188214,17.836814318602705,28.38610061934523,-5.114224593329225,-59.472205373815974,0.067023606343997,False,23.11999999999986,0.0,4.039122408884809,0.0,4.039122408884809,-0.46676593566804037,-2.497159005291361,2.5404081436666432,2425.9723721121554,4678.825339410683,3.932820500018666,2.4340153145605337,2.4340153145605337,0.0,0,pad_miss,baseline,truth,ideal
33,0.9945274905813608,1.03178608561747,1.0274012038435731,1.1434889426551715,17.117204329430475,20.70241840668158,-3.726405881155809,-57.076279379371464,1.2348674976355856,False,23.199999999999857,0.0,3.3732838638889495,0.0,3.3732838638889495,-0.2899609907457652,-2.4285326954709654,2.445781762366736,2425.192641887428,4797.3099574348635,2.7975634937901233,1.908953764482565,1.908953764482565,0.0,0,pad_miss,baseline,truth,ideal
34,1.0169697148350152,1.0213403146218112,1.1197622333507684,0.9820965750717103,14.915529828157705,7.207605658150355,-2.4333292835451035,-55.23815148224572,1.6157496906521422,False,22.959999999999862,0.0,1.502744271830319,0.0,1.502744271830319,-0.1630416388871009,-2.509280700571814,2.514571973571877,2384.6799404403137,4764.702261912364,2.374101430575748,2.4363517640208294,2.4363517640208294,0.0,0,vertical_speed,baseline,truth,ideal
35,0.9718100240730251,0.9936110210416655,1.191218263262348,1.1390409919037303,-5.295589278069713,13.268148588548193,-3.5459869629772984,-62.05202859518404,0.853153117022728,True,23.359999999999854,0.0,0.35278955177938087,0.0,0.35278955177938087,-0.1513839410566744,-2.3793081225635313,2.3841191748120827,2452.169574057785,4503.107573233872,3.2653180614875805,1.0984889840045942,1.0984889840045942,0.0,0,success,baseline,truth,ideal
36,1.0149749792518599,0.984313128133479,1.088275941175487,1.1308536658440433,12.471656506260352,29.257147707041398,-1.83849956274819,-54.511620609805796,1.027133273839645,False,22.959999999999862,0.0,5.402401508429776,0.0,5.402401508429776,-0.36542484597885266,-2.358436510896395,2.3865787424654212,2352.7260426486137,4537.46585428574,1.027133273839645,1.111675156914179,1.111675156914179,0.0,0,pad_miss,baseline,truth,ideal
37,0.9723043941704383,1.0103546778995003,1.1580399857611527,0.9184694405751191,11.533969151777256,-3.8773390212768213,-0.4953734947162691,-57.995148736747616,1.1857971324305674,True,23.439999999999852,0.0,0.025951285640365612,0.0,0.025951285640365612,0.04975425207269792,-2.4225734090985047,2.423084275891052,2440.295648410898,4632.187096885606,1.2073825934909992,0.11061230324630306,0.11061230324630306,0.0,0,success,baseline,truth,ideal
38,0.9908378813016598,0.966156546094658,1.0344406113821476,1.0574838552691983,-11.495584421258101,8.616744716886368,-2.303787281092252,-54.803497986216456,1.3766285951907307,True,23.11999999999986,0.0,-0.00926621932784267,0.0,-0.00926621932784267,-0.09816634007680217,-2.323565504724612,2.325638253269458,2359.282195058364,4403.813627604242,2.3223588389756538,2.5678080026661267,2.5678080026661267,0.0,0,success,baseline,truth,ideal
39,0.9789041527852151,0.9744115565321106,1.1687275293805948,0.9300941801836484,13.368828563086165,22.93054756752342,-2.2970298115880015,-59.38337486233224,1.5641201586420375,False,23.199999999999857,0.0,4.134869216837151,0.0,4.134869216837151,-0.2867872279877316,-2.370568899684071,2.3878533921257046,2407.246385904502,4413.634509820273,1.5641201586420375,0.3255471185549226,0.3255471185549226,0.0,0,pad_miss,baseline,truth,ideal
40,0.990181867670036,0.9422526287290106,1.175262312349682,0.9738574228649145,-6.368829312765648,21.84882195836518,-4.515651221808685,-58.884470598358554,1.0753872661804094,True,23.03999999999986,0.0,1.6683243182304284,0.0,1.6683243182304284,-0.3262363994546962,-2.359216101060427,2.3816655516322873,2369.8418579004574,4225.926543202615,3.873703951417972,1.964933855271341,1.964933855271341,0.0,0,success,baseline,truth,ideal
41,1.0122184373776655,0.9459116929052932,0.9040452509410438,1.0355933984934578,-11.643267926091529,14.991166413668116,-3.181564232521902,-57.90070165284967,0.7993906241884964,False,22.799999999999866,0.0,0.799757364024612,0.0,0.799757364024612,-0.23435298612841343,-2.6380204924643516,2.6484096059275206,2345.6420237595303,4275.739826577523,2.7544008702969376,1.6736334580637389,1.6736334580637389,0.0,0,vertical_speed,baseline,truth,ideal
42,1.0044686042124338,0.9452970845655434,1.1408687484073683,1.1153585081988504,-1.1232852962067135,26.30728695019535,-1.0987079432910278,-55.85837535213623,-0.6644475088864893,False,22.959999999999862,0.0,3.869498738722921,0.0,3.869498738722921,-0.30100527714966374,-2.31544846851254,2.3349316450827873,2338.6436510149833,4278.435940943822,0.8613266633707353,0.7931509037537484,0.7931509037537484,0.0,0,pad_miss,baseline,truth,ideal
43,1.0208498395410395,1.0113448050194236,0.9431732151136445,0.9252485370358778,-8.995190791693702,3.915417937673162,-0.95407721826095,-58.43237921614208,-0.14501470505896372,True,22.959999999999862,0.0,-0.18747126028653008,0.0,-0.18747126028653008,-0.05641008239810146,-2.3547109960604007,2.3553865866060977,2410.010315612686,4669.403319523277,1.023837769641836,0.7031649730904046,0.7031649730904046,0.0,0,success,baseline,truth,ideal
44,1.0089368796887452,0.9762163950646613,1.026224952470703,1.0530897654616242,4.698213123765623,18.9633377485018,-2.370637484417499,-58.21932436803104,1.5184856862727143,True,22.959999999999862,0.0,2.8409211188664028,0.0,2.8409211188664028,-0.25500322726771724,-2.411068592449177,2.4245161173751364,2380.8606586514725,4452.6541068011575,1.5802838662173568,0.1342312873407834,0.1342312873407834,0.0,0,success,baseline,truth,ideal
45,1.0206591343370195,0.9516746905564253,1.0107941147714017,0.9206697276179068,9.397672108977954,32.43134169919117,-0.5734896876910254,-59.636505724211574,-0.2768892323521109,False,22.799999999999866,0.0,5.777850637419442,0.0,5.777850637419442,-0.3468974334908863,-2.549727591039301,2.5732175613168895,2364.015912994757,4297.706920900222,1.7690843866124042,1.2163870405474586,1.2163870405474586,0.0,0,vertical_speed,baseline,truth,ideal
46,0.9904066250126928,0.9404439194100691,1.0951649074763254,0.9618455812701493,13.79686648738798,19.792436620672465,-0.565032845318868,-55.92684115690889,0.2236212197808293,False,23.03999999999986,0.0,4.12817638594405,0.0,4.12817638594405,-0.24059297262339172,-2.431049168432856,2.4429255080361827,2343.648344077188,4239.459091793295,1.029949316547803,1.3629431957735587,1.3629431957735587,0.0,0,pad_miss,baseline,truth,ideal
47,1.0187414906185133,0.9921457480870248,1.0371928176080516,0.8902794973014267,-4.547141401319003,15.29501334783659,-2.933962434786557,-56.27879423007506,1.0532864217866424,True,22.959999999999862,0.0,1.3574667452650802,0.0,1.3574667452650802,-0.22892170735613446,-2.299824894010164,2.311190102784215,2379.7542110388677,4565.266025570305,2.4003742346124284,1.9041269025636276,1.9041269025636276,0.0,0,success,baseline,truth,ideal
48,0.980199071364875,0.9844320020495603,0.9520482477670091,0.8655348274293273,16.232042191563714,32.730782668010214,-2.7092801247635787,-57.08678640103375,-0.08223695774608474,False,23.199999999999857,0.0,5.2575015325263115,0.0,5.2575015325263115,-0.43960594868899955,-2.4724314452744918,2.5112090000047522,2398.8523283015893,4492.171686045331,0.8434596292170926,0.47296580463104854,0.47296580463104854,0.0,0,pad_miss,baseline,truth,ideal
49,0.9883344299962997,1.019909918808004,0.9387296408374379,0.882820580982032,10.694177432909107,12.099734250729615,-0.9408104407061215,-58.40592216727331,1.0298743990279422,True,23.279999999999855,0.0,2.3829520577370817,0.0,2.3829520577370817,-0.14616931396354174,-2.3345864675332666,2.339157849041836,2442.096519855433,4697.2729118005955,1.0298743990279422,0.49539053688720414,0.49539053688720414,0.0,0,success,baseline,truth,ideal
50,1.0254708305563194,1.0228731527845891,0.9542248374607692,1.0047223987485845,1.2446501303862405,8.712245656228893,-0.7405334116303577,-57.64524087251984,0.7953236305776487,False,22.879999999999864,0.0,1.4105887823084649,0.0,1.4105887823084649,-0.09816999343375557,-2.5867502374848947,2.5886123963890273,2401.9030069594337,4758.209062532689,0.7953236305776487,0.31385661773362505,0.31385661773362505,0.0,0,vertical_speed,baseline,truth,ideal
51,0.9712389606968431,1.0215174725490561,1.172140367959244,1.0805157359896174,-11.816202317409754,15.799136679600636,-2.681820902669708,-57.20793703905056,1.0789879485298457,True,23.51999999999985,0.0,0.9078149149495633,0.0,0.9078149149495633,-0.14175745456036548,-2.3132968156083265,2.317636151993461,2445.622754594722,4704.999553248672,2.204129387206328,1.1551944580249887,1.1551944580249887,0.0,0,success,baseline,truth,ideal
52,0.9984903196961439,0.9492153357111444,0.9678677883952209,1.1281628131295915,7.140116677823947,19.993160177034884,-1.2377673147359645,-57.217648659617,-0.18151830688076223,False,22.959999999999862,0.0,3.311751885925373,0.0,3.311751885925373,-0.2693362722921296,-2.5194786489455603,2.5338339902339233,2353.114052017667,4291.393297960345,0.33817796156679353,0.11425750769322046,0.11425750769322046,0.0,0,vertical_speed,baseline,truth,ideal
53,1.0139633811277833,1.0294599330399157,0.888038574320832,0.9366964810608712,-12.999187247793504,13.454740572216163,-0.6071974893141039,-56.3262561089934,1.9722145699892968,True,23.11999999999986,0.0,1.8231728596870262,0.0,1.8231728596870262,-0.08020299210299069,-2.2895108349147413,2.290915184622571,2418.8073395559913,4787.412191723419,1.9722145699892968,1.5580721074731496,1.5580721074731496,0.0,0,success,baseline,truth,ideal
54,1.0176137562256926,0.9664813507399203,1.1929379270323357,1.127438947690274,1.9314719201942587,15.413816543447796,-3.635620875083543,-58.56000951738593,0.5404980731662075,False,22.799999999999866,0.0,1.4314641757733984,0.0,1.4314641757733984,-0.3067468213824766,-2.714538670674016,2.7318151121576486,2358.077272592571,4407.292182586869,3.131067237075148,1.9988637886873144,1.9988637886873144,0.0,0,vertical_speed,baseline,truth,ideal
55,0.9830867071482582,1.0023276171414128,0.9498552549383841,1.0926393477003415,0.5640350664247578,27.791415978486008,-1.72058431021741,-62.087151908065145,1.3245073827112772,False,23.279999999999855,0.0,4.4287642110686924,0.0,4.4287642110686924,-0.3147421489502445,-2.3189957623065647,2.3402572435357665,2457.377612983226,4558.915707006665,1.3245073827112772,0.8876762738535491,0.8876762738535491,0.0,0,pad_miss,baseline,truth,ideal
56,1.0149218844285766,0.979078290725317,1.0816727935516999,0.9560930893365656,5.667624300289731,15.983927116488562,-2.8755375865409833,-56.876050131787,1.0493437138313548,False,22.879999999999864,0.0,2.0728522660972057,0.0,2.0728522660972057,-0.2691615726280678,-2.523211754015659,2.5375274398087586,2365.500969919878,4488.047065157341,2.1843387580745324,1.4969820474773632,1.4969820474773632,0.0,0,vertical_speed,baseline,truth,ideal
57,1.0175416586831065,1.0031999110016918,1.145789885755308,0.8709646449783384,16.03535749861495,35.24749176251487,-1.678465666891731,-60.205699500951454,0.17434603786290667,False,22.879999999999864,0.0,6.480722831032194,0.0,6.480722831032194,-0.4301220490817244,-2.5370286899148287,2.573231344158005,2407.5357154592675,4614.863661552576,0.8017651221604922,0.711508252534776,0.711508252534776,0.0,0,vertical_speed,baseline,truth,ideal
58,0.9707213651290045,0.9401683405846808,1.1357020136162825,0.8573459955335578,-9.25637351394306,24.82020650611245,-2.463715319460667,-65.29199231772196,1.2143809197804385,False,23.11999999999986,0.0,3.030153502769737,0.0,3.030153502769737,-0.27558569913368397,-2.367673946694617,2.3836584057753463,2427.6671765342,4153.511207558568,1.2143809197804385,0.34956708331573827,0.34956708331573827,0.0,0,pad_miss,baseline,truth,ideal
59,0.9813553522619297,0.9807023272615139,0.957465201162368,0.9808741837602237,12.268949500570812,11.928570362587642,-2.3188945826206067,-56.70298655703537,0.5438910847584245,True,23.279999999999855,0.0,1.698036432690103,0.0,1.698036432690103,-0.17934139296303195,-2.317960695986891,2.324888195885977,2399.6596578393073,4465.256632991288,1.8105717091582552,1.5159110913386877,1.5159110913386877,0.0,0,success,baseline,truth,ideal
60,1.005911911310773,1.0346850788172375,0.9359792657206858,0.9246979130551414,-2.1575498482241784,13.013451698114475,-1.9332042287820341,-57.614874230180114,1.1518020873731347,True,23.11999999999986,0.0,1.5363832714149408,0.0,1.5363832714149408,-0.15315166093494123,-2.394436425982949,2.3993293290670064,2432.3968431399153,4810.398708580746,1.4306864123479415,0.4204449280180077,0.4204449280180077,0.0,0,success,baseline,truth,ideal
61,0.99861446736966,0.996457766329059,1.0431525707178566,0.8684241476858007,-9.230487745721785,20.631966107892623,-0.8076483733563009,-57.90195217659647,-0.5800029467813249,True,23.11999999999986,0.0,2.649775512974295,0.0,2.649775512974295,-0.23397952824946533,-2.412427886184633,2.423748073889095,2407.495478299963,4567.708886003449,0.8859299734393757,0.34862949184607495,0.34862949184607495,0.0,0,success,baseline,truth,ideal
62,1.0212240223555413,1.0111970454343433,1.0468952730321464,0.9412249071535779,4.644540734637637,18.03657424199697,-2.335617951427276,-57.510342820104796,1.4054460052268873,False,22.879999999999864,0.0,2.6583673183449585,0.0,2.6583673183449585,-0.2495615623833433,-2.574401075833374,2.5864689970442813,2392.571639218033,4685.80767882237,1.5731518812116965,0.3461913940343144,0.3461913940343144,0.0,0,vertical_speed,baseline,truth,ideal
63,1.0156904501029296,0.9890344688867599,1.156702360749825,0.9595898990055131,14.761467955025914,30.95753628379202,-3.014625895926527,-57.377046746283845,1.0220627072545614,False,22.879999999999864,0.0,5.347611413491969,0.0,5.347611413491969,-0.42981913912510167,-2.5676836408695904,2.6034100276267584,2372.9084671448727,4550.3328150624475,1.1889184700450874,0.31639257498471063,0.31639257498471063,0.0,0,vertical_speed,baseline,truth,ideal
64,1.0201170376274977,1.0248895283896395,0.8819763584208927,1.0705349955727188,13.562129987023784,12.805741973889258,-3.301237820026059,-51.99885833069232,1.2927921138336478,True,23.03999999999986,0.0,1.680794155621422,0.0,1.680794155621422,-0.2589492760702971,-2.403218234632389,2.4171290016974574,2371.014676690269,4803.212022037209,3.004622378900687,3.700739359898833,3.700739359898833,0.0,0,success,baseline,truth,ideal
65,0.9835440027992022,0.9917519214186414,1.0674500729662135,1.0332720518574054,3.1435586011383805,34.037433035171276,-5.798245161373516,-59.47700192197094,1.3575182101800056,False,23.11999999999986,0.0,3.6501269655652586,0.0,3.6501269655652586,-0.47435600332765704,-2.6673934317678585,2.7092436837116187,2413.3630200746775,4528.900429855814,4.339907484585961,1.945985565404649,1.945985565404649,0.0,0,vertical_speed,baseline,truth,ideal
66,1.0275065803255177,1.0159005204810045,0.9794924452473736,1.09358503260214,16.646118681279045,16.17837640780042,-1.2843398228084957,-57.430893796512244,0.6463809290022114,False,22.879999999999864,0.0,3.5653911806691965,0.0,3.5653911806691965,-0.22764640625451812,-2.506137630061737,2.5164555841683467,2392.273695295491,4719.02994807154,0.6463809290022114,0.21599279735789517,0.21599279735789517,0.0,0,vertical_speed,baseline,truth,ideal
67,0.9832686768331265,0.9744638916513536,1.0043418215709763,0.9383325037660462,5.779471555994057,11.556397456017546,-1.7213644621427964,-55.77659555363299,1.4851238077724203,False,23.11999999999986,0.0,1.7803613376547314,0.0,1.7803613376547314,-0.14233954352364775,-2.5783667436538775,2.5822927042515573,2373.62173492329,4447.625506636185,1.515054379498598,0.5392038104494368,0.5392038104494368,0.0,0,vertical_speed,baseline,truth,ideal
68,1.0057440223357728,0.9464784166248242,1.1254731169844323,0.9880716639005567,3.2103422884875563,8.694961008882613,-1.0463613392906943,-60.43851211501536,0.8661428273725621,True,22.879999999999864,0.0,1.4324293296051291,0.0,1.4324293296051291,-0.11723542453139293,-2.44587726369441,2.448685307225555,2371.4141854879454,4253.934730885823,0.8661428273725621,0.17260079868677497,0.17260079868677497,0.0,0,success,baseline,truth,ideal
69,0.977960291933465,1.033900787597304,0.9175794910035537,1.0705278658684114,5.808319373597094,24.46328139171589,-3.908207584320289,-57.23489764444094,1.281237191010181,True,23.51999999999985,0.0,2.8903353701743684,0.0,2.8903353701743684,-0.2857155902173235,-2.281568735089737,2.29938889521373,2460.2799056362637,4777.025607544863,2.842525470066217,1.7139286978394248,1.7139286978394248,0.0,0,success,baseline,truth,ideal
70,0.9708391790673153,1.0202324638966318,1.1453824490446525,1.0265803547087309,-8.779297262613273,8.073655695390343,-2.225113542061279,-58.895945185291126,0.6254100293904874,True,23.51999999999985,0.0,-0.07167944935059078,0.0,-0.07167944935059078,-0.062432998709862145,-2.258592314128588,2.259455049512744,2460.9483484788543,4680.678898797567,2.1765232647200126,1.0819904946042898,1.0819904946042898,0.0,0,success,baseline,truth,ideal
71,0.9745463824623523,0.9869236544753002,0.8606448023615668,0.9428718030246857,-8.97045483345551,4.204880512626268,-2.6329056569295792,-54.10044178012356,2.679478703442294,True,23.359999999999854,0.0,-0.455428221150465,0.0,-0.455428221150465,-0.0008339176142916479,-2.265833227872921,2.2658333813305003,2392.732243301096,4515.733338026006,3.250516125428327,2.938061735614078,2.938061735614078,0.0,0,success,baseline,truth,ideal
72,0.9899038057319931,1.0182563111909864,0.9059085578542523,1.137927138488688,-6.640145260228373,16.775093396060925,-4.36328809072323,-59.80523611863431,0.685791179336568,True,23.279999999999855,0.0,0.5761946705114965,0.0,0.5761946705114965,-0.22380478363872414,-2.2284125905244556,2.239623016221143,2451.5512476959702,4676.242930640932,4.095039121333817,2.053605286579289,2.053605286579289,0.0,0,success,baseline,truth,ideal
73,0.9901598869983979,1.0114198241894305,0.9250887252126824,1.0530191838739522,-13.835318319181255,17.115250550840035,-1.3707760239126052,-60.88803281120785,1.1669084910317875,True,23.199999999999857,0.0,1.8647567438508514,0.0,1.8647567438508514,-0.16545450216964733,-2.3689115792112743,2.374682560345584,2447.0529012352963,4632.885868090718,1.1669084910317877,0.5410327818261369,0.5410327818261369,0.0,0,success,baseline,truth,ideal
74,1.0234736739006862,0.9646936124989047,1.0331878812460045,0.9669969374189841,10.21623562522101,28.57341264961265,-3.029272614636934,-57.437527367894816,2.1298788554775676,False,22.799999999999866,0.0,4.705025509973747,0.0,4.705025509973747,-0.3818398572563592,-2.5144520304296805,2.5432795147056684,2353.9610505404453,4398.894236951888,2.1298788554775676,0.18355371864040787,0.18355371864040787,0.0,0,vertical_speed,baseline,truth,ideal
75,0.9855287087465784,0.9751736549286351,1.0463198420710618,1.056577221651933,5.605492603650326,6.635501846453547,-0.7001713650362784,-57.23087430887512,0.7846671140976889,True,23.199999999999857,0.0,1.306412975833403,0.0,1.306412975833403,-0.08492867836762152,-2.280740225889972,2.282320936766324,2391.82453645064,4434.391048049805,0.7846671140976889,0.17769974972112246,0.17769974972112246,0.0,0,success,baseline,truth,ideal
76,1.0228778402573642,0.9987193610967812,1.0444476032555905,0.8953223646182167,14.736813982136972,17.84379842800181,-0.9950715775461807,-57.02965338882779,-0.3060091613726685,False,22.879999999999864,0.0,3.476365234495456,0.0,3.476365234495456,-0.2467493499083918,-2.538665424736443,2.550628820591596,2380.0260142081606,4611.009513469307,0.35511152741026103,0.15700759668206055,0.15700759668206055,0.0,0,vertical_speed,baseline,truth,ideal
77,0.9772115840903134,0.9562764842003147,0.9654387525999616,1.0293478954176474,-9.281560377553582,5.862995641601174,-2.9898940613703946,-58.41640476292916,2.073854492454824,False,23.11999999999986,0.0,-0.43964836815731817,0.0,-0.43964836815731817,-0.05229104332043981,-2.574568109448407,2.5750990861324703,2382.1702522790983,4311.765137123104,3.261706257531032,1.2374333170436733,1.2374333170436733,0.0,0,vertical_speed,baseline,truth,ideal
78,0.9718974003137922,0.9652754703695624,1.1180886878775025,1.0761284675536344,-5.868063771860651,17.130766886148635,-0.5426314414594684,-56.83130559792975,0.3510647523998562,True,23.279999999999855,0.0,2.5150143185881633,0.0,2.5150143185881633,-0.18148923713806323,-2.313124471952978,2.3202334291929985,2386.4210901632796,4370.507202423658,0.7056812576533984,1.0157266410757335,1.0157266410757335,0.0,0,success,baseline,truth,ideal
79,1.025491892237119,1.0110395839498296,0.8818784389034092,1.0006092617256919,8.963574741737109,12.236657075144045,-2.2236759405602013,-61.64421491264219,0.7452879836996461,False,22.799999999999866,0.0,1.7985456566345666,0.0,1.7985456566345666,-0.21906590575631174,-2.675582707480633,2.6845358436113735,2420.4397408759614,4656.837346772845,1.5566583213587144,0.4380307779020622,0.4380307779020622,0.0,0,vertical_speed,baseline,truth,ideal
80,1.0081974697403302,1.0232627621360866,0.9786269035827957,0.8630633125519818,5.353857122820866,29.73641415360604,-1.4147046403448311,-61.195098432137854,1.4597664315898904,False,23.11999999999986,0.0,5.068522644056456,0.0,5.068522644056456,-0.3186490840169395,-2.263336013169091,2.2856568305966207,2455.1712849813084,4707.668049971297,1.4597664315898904,1.2694942745047635,1.2694942745047635,0.0,0,pad_miss,baseline,truth,ideal
81,0.9815571800323002,1.0325167162903388,0.9424055519550132,1.0344868097940898,-11.590597919955346,24.647891633839663,0.43091959754772313,-59.035308518040864,1.5773970361055991,False,23.359999999999854,0.0,4.43764903068755,0.0,4.43764903068755,-0.23611531645814132,-2.3082496640650265,2.320294583522195,2460.6852984223187,4766.931715610055,2.604690832879851,2.7268119982544246,2.7268119982544246,0.0,0,pad_miss,baseline,truth,ideal
82,1.016450076375571,0.9650332091396278,1.08468570607727,0.8562136844881524,-5.677656510555501,21.790218874259388,-2.31922110705621,-63.22901687554546,1.2310907745489545,True,22.879999999999864,0.0,2.7661487612646285,0.0,2.7661487612646285,-0.2509721146845451,-2.298280174633157,2.3119426384452204,2410.8347303830014,4344.397733594393,1.2310907745489545,0.2631848479834017,0.2631848479834017,0.0,0,success,baseline,truth,ideal
83,1.0070545650312992,0.9830259407780255,1.0929342569606788,0.8622277856222884,-0.4738570615723319,18.751536098152833,-1.1341618113265883,-59.42488084776539,0.461733025765132,True,22.959999999999862,0.0,2.826649039004766,0.0,2.826649039004766,-0.2109594356347802,-2.444693999870138,2.4537792558590916,2397.3989605103525,4483.782624935826,0.461733025765132,0.41957747648936267,0.41957747648936267,0.0,0,success,baseline,truth,ideal
84,1.0291108604414507,1.0021225312417759,1.1443553830310769,1.1211615232719367,-11.590325156954783,14.430443615717202,-2.9285860354808975,-59.88200100680997,1.532881897632791,False,22.799999999999866,0.0,0.7310365942351338,0.0,0.7310365942351338,-0.1889234427373925,-2.534961437019436,2.541991651125431,2394.156429595405,4620.701289097025,2.425867942575926,0.6027881801255661,0.6027881801255661,0.0,0,vertical_speed,baseline,truth,ideal
85,0.9881226373381407,0.9874965741916859,1.0508529133948765,0.9237371808956112,-13.290943827084394,13.30225534651533,-3.7392673765866498,-60.428603160287686,1.6219480785562517,True,23.11999999999986,0.0,0.18456840769158583,0.0,0.18456840769158583,-0.1688490475780127,-2.434846987623684,2.4406945433642715,2420.9269638329024,4491.549055508898,3.483639207518882,1.0997741007595159,1.0997741007595159,0.0,0,success,baseline,truth,ideal
86,0.9929897692825562,1.0089861023742104,0.893354432214858,1.0318332586656371,8.094998542687929,16.226648298454894,-5.212857762249157,-55.011328921749424,1.3570360052032975,True,23.279999999999855,0.0,0.8360923047147539,0.0,0.8360923047147539,-0.267881268319078,-2.239682591520504,2.2556459129651176,2408.1766693048376,4654.726047314634,5.095709865614364,3.665405219645526,3.665405219645526,0.0,0,success,baseline,truth,ideal
87,0.9793336429678482,0.993434654648589,1.0393372162412664,0.9781513439582643,-6.839902197425946,21.605448199457456,-2.462016021406887,-58.88261973523833,0.8452008880229739,False,23.199999999999857,0.0,2.455004919047189,0.0,2.455004919047189,-0.24953878742617008,-2.542693353797335,2.5549088237890727,2417.2021799566137,4536.840402583512,1.367470619530365,0.3317510316488317,0.3317510316488317,0.0,0,vertical_speed,baseline,truth,ideal
88,0.975182083107893,0.9656450606604001,1.1037059247997387,1.0692928035843277,7.344538218036597,32.66728903861572,-3.3542115844603897,-56.619898012661565,0.9790746261893837,False,23.279999999999855,0.0,4.746633903945637,0.0,4.746633903945637,-0.42297999038871087,-2.2674313251117795,2.3065465281167414,2385.4758299062705,4374.039594716531,1.510076020374579,0.7463455528246444,0.7463455528246444,0.0,0,pad_miss,baseline,truth,ideal
89,0.9882811953224735,0.9881458427204312,1.0692858803581502,0.877375309365841,6.673624790832456,31.693942961920637,-4.084152511475239,-58.0623157464311,0.503165006777163,False,23.199999999999857,0.0,4.034583642671569,0.0,4.034583642671569,-0.4399821099208608,-2.3962684589895438,2.436326493842427,2409.5832658451,4507.437633197918,2.5422432082099924,1.5008375390576172,1.5008375390576172,0.0,0,pad_miss,baseline,truth,ideal
90,0.9781564275485997,0.9456323643451529,1.1716262338217471,1.105581079353874,0.49650852965455883,37.606183491469174,-3.5474244139387405,-54.332077018538676,0.6565353220558323,False,23.199999999999857,0.0,5.056908416341484,0.0,5.056908416341484,-0.4804873551535547,-2.369091346406124,2.417325362064205,2344.9855594114015,4274.440991004671,1.537155112987403,1.6341491539441855,1.6341491539441855,0.0,0,pad_miss,baseline,truth,ideal
91,0.9927490938528448,0.9886666248199982,1.02155632411664,0.943707471076696,2.8743141160321954,28.107749316257895,-3.3843341539990694,-60.03428081310922,1.2821482924753378,False,23.11999999999986,0.0,3.7640864587862275,0.0,3.7640864587862275,-0.3659929823632383,-2.4351801504082116,2.4625298430844036,2418.8784367961853,4501.7879369438015,1.8421453107895538,0.3249988606467031,0.3249988606467031,0.0,0,pad_miss,baseline,truth,ideal
92,0.976530090429296,1.0220276138088709,1.157619533502412,1.0928322524366534,-5.281877412227981,12.754023092570296,-3.677058827680719,-55.75595511991511,1.053477138264276,True,23.439999999999852,0.0,0.24402408929412311,0.0,0.24402408929412311,-0.13009354038856807,-2.457767118397366,2.461207739612023,2427.8624019091258,4726.3308947529695,3.6222111337016725,3.6059025534594205,3.6059025534594205,0.0,0,success,baseline,truth,ideal
93,1.0189626389973434,0.9574993890402616,1.1778225297128948,1.020748044286926,-6.927897013997807,11.072906396273428,-1.7137381763647395,-53.64562015988662,1.2409470748420446,True,22.879999999999864,0.0,0.9399350165914832,0.0,0.9399350165914832,-0.12690008702231456,-2.4066564302333417,2.4099997521306435,2322.7412058694244,4379.754517412406,1.423306378832376,2.174039235852135,2.174039235852135,0.0,0,success,baseline,truth,ideal
94,0.9762822484209457,1.0313542256576411,1.1452222879866567,1.0571783386343117,-4.058789206858595,6.234408611606623,-2.0920370879677366,-54.521218748737276,0.6513743660342652,True,23.51999999999985,0.0,-0.09439048462524537,0.0,-0.09439048462524537,-0.05171470649729753,-2.3147978238287226,2.315375428752385,2432.071594839468,4787.4079847640205,2.171768232906264,3.197906487059476,3.197906487059476,0.0,0,success,baseline,truth,ideal
95,1.0134791752489511,0.9841615499697646,0.9218629992230056,1.050517992328851,13.661015322989005,19.504948472758556,-0.8616897083461741,-60.17259974559704,2.027253032599211,False,22.879999999999864,0.0,4.2604808625427,0.0,4.2604808625427,-0.1985141389578129,-2.503874028843268,2.5117310794911902,2395.8239968847047,4493.306852903646,2.0272530325992104,1.506432824124726,1.506432824124726,0.0,0,vertical_speed,baseline,truth,ideal
96,0.991680545618075,0.9956901890620916,1.0884563939424892,0.9752189497793626,-7.296525512590883,9.585199527758101,-1.6070439712788764,-55.96916307478091,1.819035717339873,False,23.11999999999986,0.0,0.8982476037908771,0.0,0.8982476037908771,-0.07563302382044171,-2.5175984548102104,2.5187342722000237,2387.9345954261153,4581.896728008527,1.8190357173398728,0.3339105805831409,0.3339105805831409,0.0,0,vertical_speed,baseline,truth,ideal
97,1.028130051871653,0.9494927129894521,1.0704646507026525,0.8940414595425125,-7.568944541001098,6.942791085795633,-2.1940555596862925,-59.27742762695903,1.0288769650066931,False,22.719999999999867,0.0,0.12700618177641432,0.0,0.12700618177641432,-0.12557994609174725,-2.5395000943742256,2.5426032038419026,2353.3408114731865,4293.108179452978,2.0637559081360086,0.8299960050234035,0.8299960050234035,0.0,0,vertical_speed,baseline,truth,ideal
98,1.0201807931104767,0.9528247741067969,0.9609967206496165,0.8999534900498337,9.191661857542943,12.237745011789865,-4.721491856808596,-58.6277005288791,1.4144068959258482,True,22.799999999999866,0.0,0.9709894853238461,0.0,0.9709894853238461,-0.3297326986888173,-2.4992585012367,2.520915847185012,2359.6046841061907,4310.168734641389,4.50366058933021,2.6661252947465974,2.6661252947465974,0.0,0,success,baseline,truth,ideal
99,0.9754445706301351,0.9748491543301182,0.9818262633249084,0.85157530589482,-6.2176689540600165,8.951542406277332,-1.9490555336642035,-53.978836639901566,0.2939121687507434,True,23.359999999999854,0.0,0.32351122426422674,0.0,0.32351122426422674,-0.11039238093204035,-2.2348301661338468,2.23755499356545,2383.1598379794887,4440.784242331338,1.827353074924446,3.3162443795110277,3.3162443795110277,0.0,0,success,baseline,truth,ideal
100,1.003265832899321,0.9839935046571104,1.1894950629995598,0.9518266541773199,-11.979501289526677,20.54566830083298,-2.9457096469500157,-60.47859546099564,1.0194876103297446,True,23.03999999999986,0.0,1.7081185299944441,0.0,1.7081185299944441,-0.24825180012906692,-2.315681668153437,2.328950524268218,2410.26465146388,4477.689881135895,2.055782339627388,0.4899705071294743,0.4899705071294743,0.0,0,success,baseline,truth,ideal
101,1.0248509459945905,1.0284115577525774,1.135788672832551,1.0728788144682093,14.358843995584945,25.1027745116564,-1.3325513028290983,-62.21119649289687,1.1932438234327525,False,22.879999999999864,0.0,5.1552229938964445,0.0,5.1552229938964445,-0.3000632633935856,-2.5416605848302325,2.559311722029571,2437.433180491349,4761.447723776695,1.1932438234327525,0.9301854624155353,0.9301854624155353,0.0,0,vertical_speed,baseline,truth,ideal
102,1.0215602450706505,0.943606877501908,0.9605917756410822,1.1268495043783595,-11.1662099617965,9.590509760457426,-2.686257543164337,-62.04415207119134,1.9432612996117824,False,22.719999999999867,0.0,0.25674707138729325,0.0,0.25674707138729325,-0.13637198113160706,-2.595684252154484,2.5992641370435097,2368.6707988513845,4236.577343661971,2.403787671102572,0.28673962139077036,0.28673962139077036,0.0,0,vertical_speed,baseline,truth,ideal
103,0.9849076170720598,1.039829530831541,0.9255888929094023,0.9522178844961904,-10.386533361223051,29.79023913415382,-4.2982908678707865,-56.16621219817871,0.1356278630541302,True,23.359999999999854,0.0,2.586529625040614,0.0,2.586529625040614,-0.36902719558755015,-2.374425082900092,2.4029306160162682,2443.5224004168194,4835.284315403969,3.2719005606065803,2.922043319697996,2.922043319697996,0.0,0,success,baseline,truth,ideal
104,0.9957992403715621,1.022911968884175,1.0934656342563855,0.9841560586058671,12.099782813036612,25.300032638208,-3.402198430685984,-60.51273151810831,1.592735835784823,False,23.199999999999857,0.0,3.905225013639809,0.0,3.905225013639809,-0.33555251238257944,-2.3389359043049596,2.3628831230116143,2450.5480866138278,4709.835695575395,2.0022710414686333,0.2533563756898054,0.2533563756898054,0.0,0,pad_miss,baseline,truth,ideal
105,1.0092606888658826,0.9772934117976263,1.193261229907147,0.9482642734658506,10.04316751010552,13.579374365816626,-4.996132765657851,-56.360506011184015,0.5152551960824125,True,22.959999999999862,0.0,0.9474374576784633,0.0,0.9474374576784633,-0.3494256480974154,-2.3992823664054015,2.4245936066261087,2366.789102126848,4474.264780456535,4.9382704347662605,4.128384664662013,4.128384664662013,0.0,0,success,baseline,truth,ideal
106,0.981997437291395,0.9978611927790719,1.1228364457520583,0.8843095666708122,-6.063076525398664,36.051812490782204,-2.5628992342883663,-57.89841578827725,0.5921560740447813,False,23.279999999999855,0.0,4.9323018619107835,0.0,4.9323018619107835,-0.42498491227461127,-2.337254208181834,2.375577700123646,2420.7116563676173,4564.316693085886,0.8418854521848361,0.33795358925900537,0.33795358925900537,0.0,0,pad_miss,baseline,truth,ideal
107,0.9871704717985874,1.0245415479129263,1.0691090299311867,1.0524532400479083,-4.289447044241452,17.00753049256909,-0.6173782087934938,-58.27939004532823,-0.06304541849695224,True,23.359999999999854,0.0,2.448567002657084,0.0,2.448567002657084,-0.19650875101110268,-2.231740107214024,2.240374878312022,2447.169549817907,4724.621285572579,0.6423668683358096,0.5302837836464913,0.5302837836464913,0.0,0,success,baseline,truth,ideal
108,0.9995326072021369,1.0381150277161804,0.9653199119288495,1.1440669527702672,9.919550740827916,26.44970581591204,-2.4321734592049635,-57.151343942976894,0.864120754573459,False,23.11999999999986,0.0,4.281031310689825,0.0,4.281031310689825,-0.3481235597934549,-2.63574218339344,2.658632518834238,2424.0054056904264,4842.799788322838,0.9196814391343291,0.14271532844612086,0.14271532844612086,0.0,0,vertical_speed,baseline,truth,ideal
109,1.0091278786022313,0.9701589712199706,0.9204828127265702,1.090255256399792,1.7700801990669923,24.555606937832614,-3.4147647571270827,-61.19308321589236,0.3482154162292407,True,22.879999999999864,0.0,2.9660016682385475,0.0,2.9660016682385475,-0.3752318878566137,-2.461964438515395,2.49039512250142,2395.708623137234,4395.40417540256,2.247060523747514,0.9008904045643444,0.9008904045643444,0.0,0,success,baseline,truth,ideal
110,1.0003446210233307,0.9717310085539714,1.124148320241296,1.124154142871534,1.9747742064762797,42.063923599790414,-2.361492084366798,-55.16695930720748,-0.06858337648635256,False,23.03999999999986,0.0,6.372792111281986,0.0,6.372792111281986,-0.5079692299811575,-2.3859232647764803,2.4393979921302935,2356.6729388140375,4445.444121063763,0.9711718128280623,1.1028901133440114,1.1028901133440114,0.0,0,pad_miss,baseline,truth,ideal
111,0.978912068253467,1.004765257398465,1.1525164889095227,1.003613644919791,11.634136521518684,10.362122573144514,-3.013689057851132,-58.78016317264134,1.1738039591707419,True,23.279999999999855,0.0,1.3008919573645799,0.0,1.3008919573645799,-0.1512422603726514,-2.371278928607796,2.3760972157262352,2429.1359442968715,4604.2208574923825,2.7014601017070152,1.3515949921103494,1.3515949921103494,0.0,0,success,baseline,truth,ideal
112,0.9795296604156114,1.0244184749967686,0.93376396430921,1.0723281565962108,9.842310029502215,7.856874100484147,-2.0460556781947616,-58.38692043078307,-0.024701160446723595,True,23.359999999999854,0.0,0.8217041235758313,0.0,0.8217041235758313,-0.12939230094575818,-2.3397587277422103,2.343333794317379,2448.7864129490263,4722.142912028354,1.8474751914132659,1.3946629146849958,1.3946629146849958,0.0,0,success,baseline,truth,ideal
113,1.0230598347443722,0.9730662871520922,1.1778772975678913,0.9772930967817136,-13.246751875018887,21.03325932977285,-3.9467914184530546,-61.29551178643823,2.1756027001740974,True,22.799999999999866,0.0,1.5327644738909474,0.0,1.5327644738909474,-0.2811796689772697,-2.4739404006221717,2.489868091300573,2388.8158536806695,4422.648156383977,3.0424190950500725,0.3935397783092046,0.3935397783092046,0.0,0,success,baseline,truth,ideal
114,0.9937254416285882,1.0192334145226345,1.0506873955551455,0.9793847016926914,17.33252926224195,18.891249878270916,0.124817842216566,-56.39489608026134,0.33635446686498954,False,23.279999999999855,0.0,4.581192392161002,0.0,4.581192392161002,-0.22889939445546562,-2.2613516929138786,2.2729070398559075,2421.2654788700056,4713.368422788437,1.8916064625337794,2.1263965526982336,2.1263965526982336,0.0,0,pad_miss,baseline,truth,ideal
115,1.019846456534837,0.9825480026150154,1.1710693009755127,0.9065097904756243,14.044533341203906,16.959951621949262,-2.6985473083419067,-58.19547238109845,1.6939498891742235,False,22.879999999999864,0.0,3.094722668325519,0.0,3.094722668325519,-0.270573135952578,-2.4972239935663305,2.5118394646040945,2377.0511381650067,4500.784880140101,1.9942990891178765,0.4917037482566198,0.4917037482566198,0.0,0,pad_miss,baseline,truth,ideal
116,1.0133504323741958,0.9708061231528654,1.0439767912054925,1.0553692786737587,-6.600135460571284,21.86098326879542,-3.5632689702746054,-63.218527683648695,2.278371060602525,True,22.879999999999864,0.0,2.389067560903439,0.0,2.389067560903439,-0.27340832621705224,-2.37613213608098,2.391810201701124,2411.4395502990774,4384.20331177098,2.473863393550969,0.2555917367937275,0.2555917367937275,0.0,0,success,baseline,truth,ideal
117,1.0250434737833414,0.9763182015796399,0.9764998749582671,1.0792834274263314,-5.218014100508064,25.305293820382005,-3.311807923888045,-62.44385867757325,0.8554283941971321,True,22.799999999999866,0.0,2.888498825785846,0.0,2.888498825785846,-0.342915493909181,-2.396915675554792,2.421321083971158,2403.158740845978,4431.068670211502,1.9756839347409934,0.40481625055784115,0.40481625055784115,0.0,0,success,baseline,truth,ideal
118,0.9832859832250856,0.970601483645381,1.1903620071416015,1.1364568942492395,-11.392624182698547,16.93435665785749,-2.055779830647892,-58.72319803634071,0.9622856141365698,True,23.199999999999857,0.0,1.3650951983748174,0.0,1.3650951983748174,-0.17330304319716122,-2.3679797300725913,2.3743129420563034,2395.3219434241364,4398.888442093532,1.3099628998587904,0.22089190684237675,0.22089190684237675,0.0,0,success,baseline,truth,ideal
119,0.9982513412280586,0.9403293170181078,1.000851821782855,1.1144742030739343,12.945290920891281,16.41483332625808,-1.183179746264007,-60.67606394896414,0.013696460352420817,False,22.959999999999862,0.0,3.220220192177552,0.0,3.220220192177552,-0.2384774084035665,-2.395155688514043,2.4069985971205012,2374.574429847402,4207.730789279354,0.05165371343731509,0.005836907028947274,0.005836907028947274,0.0,0,pad_miss,baseline,truth,ideal
120,1.0062514443896189,0.9580317691947459,1.1830640249297013,1.129280911264926,-13.915125683275313,16.474909434119485,-2.561276695951797,-55.39264987446535,1.7684515957270843,True,22.959999999999862,0.0,0.9351898342058221,0.0,0.9351898342058221,-0.1763181767978673,-2.406260887004171,2.4127120747812874,2340.404737011977,4365.817647351243,2.1163014253732952,1.3331834665475832,1.3331834665475832,0.0,0,success,baseline,truth,ideal
121,0.9734554144723407,0.9928169116131422,1.1486854214736837,1.1283068976150392,-0.8858336975747712,20.443130929008202,-1.8645411858786742,-58.03151762463147,0.2794700904343767,True,23.439999999999852,0.0,2.657073675384285,0.0,2.657073675384285,-0.24773845500765243,-2.2230219620124965,2.236783625136653,2427.146596165763,4522.571785126234,0.7656894637864212,0.24341539154270225,0.24341539154270225,0.0,0,success,baseline,truth,ideal
122,0.9978702330396629,0.9763933669397619,0.9764037985881219,0.9049234183687804,-12.032814208175893,25.991781531285206,-3.9479898630735484,-64.12195018020212,1.14368160540353,True,23.03999999999986,0.0,2.400873404247599,0.0,2.400873404247599,-0.34401185032575854,-2.26835134776842,2.2942889944571845,2439.578577904693,4395.17499067364,2.717383419116722,0.42451657629383227,0.42451657629383227,0.0,0,success,baseline,truth,ideal
123,1.0026251729799456,0.9532781203710562,0.9248352576764006,1.0062634056348203,-8.385586176768914,11.71853177968103,-1.6653505597057285,-58.82389911562684,0.3906102189802161,False,22.879999999999864,0.0,0.9753421257344804,0.0,0.9753421257344804,-0.14717905087080047,-2.615414095589913,2.6195519778056764,2364.552565839913,4308.394276757481,1.1938967395050086,0.5092227435100544,0.5092227435100544,0.0,0,vertical_speed,baseline,truth,ideal
124,0.9989490233287752,1.0147632032562548,1.1368092650279646,1.149539339901256,15.370296073869802,24.102023224203975,-3.1564660891260115,-57.58077038737117,2.0380301064384514,False,23.11999999999986,0.0,4.451841700792629,0.0,4.451841700792629,-0.32210019728619665,-2.4080635755815,2.429509975516496,2409.1240208535964,4694.218401940187,2.183679500874302,0.3938474306387201,0.3938474306387201,0.0,0,pad_miss,baseline,truth,ideal
125,1.015590246267611,0.9846624590668819,1.176385506602286,0.9133454038586393,2.124642124482353,6.68543599703812,-2.745165355336716,-58.32173906321025,2.2666039731538135,False,22.879999999999864,0.0,0.5928532415917436,0.0,0.5928532415917436,-0.13442858933907917,-2.552507368906044,2.556044779332191,2380.567893939722,4512.069319528451,2.923869830705616,0.8811457053947916,0.8811457053947916,0.0,0,vertical_speed,baseline,truth,ideal
126,1.0233229914151514,0.9607060234280949,1.1111958179186912,0.9555519765726743,-13.619136973874461,0.37186575291319457,-1.3535671231149364,-55.48859458916138,1.8360211240002802,True,22.879999999999864,0.0,-1.065925117600471,0.0,-1.065925117600471,0.009347066262910358,-2.320462374113293,2.3204811995194494,2342.034113540143,4382.908050456521,1.997720678111793,1.1460109571923518,1.1460109571923518,0.0,0,success,baseline,truth,ideal
127,0.980920065324949,0.9965202033566414,0.9824624423855879,0.9471916805429629,14.020456632225837,21.094779505493168,-1.5904480291581846,-58.35798477073082,1.1581049601376616,False,23.279999999999855,0.0,3.9662928795631918,0.0,3.9662928795631918,-0.26001169719072764,-2.316829255532131,2.3313738185811324,2423.542531939318,4552.0988915571725,1.1581049601376616,0.5587438343639294,0.5587438343639294,0.0,0,pad_miss,baseline,truth,ideal
128,1.0050902902760028,0.9458065028101597,1.170517065675341,0.8953566820725155,7.120780974797864,17.284002165479702,-4.872157724213064,-56.45387701197956,0.740007786079622,False,22.879999999999864,0.0,1.4963893103086259,0.0,1.4963893103086259,-0.38063612441524,-2.54418430833286,2.5725002728818143,2340.357842671645,4280.287676999473,4.480196700316373,4.004770740163548,4.004770740163548,0.0,0,vertical_speed,baseline,truth,ideal
129,0.9934842425526793,0.9877679962502359,1.098711108910744,1.146389834685508,14.052932705203855,19.56666867626745,-3.8200518958584713,-62.102660724922956,1.3796368337614633,False,23.11999999999986,0.0,3.058573792770299,0.0,3.058573792770299,-0.3162782499286143,-2.2787452009410862,2.300589407562753,2430.015296427886,4484.360677323766,2.7655618140843585,0.6959424863629028,0.6959424863629028,0.0,0,pad_miss,baseline,truth,ideal
130,1.0046859408551252,1.0048014199774709,0.865465657951257,0.8813307287109426,-8.392969373297301,39.845669585837584,-2.1032458050323903,-55.17516420211523,2.2108298943545006,False,23.11999999999986,0.0,6.0752807850539225,0.0,6.0752807850539225,-0.39216447295470697,-2.2631443285682518,2.296870746424031,2394.7756048107694,4638.834335031526,2.2108298943545006,2.5303553068543057,2.5303553068543057,0.0,0,pad_miss,baseline,truth,ideal
131,1.0279036152538514,0.978306268416028,0.9083334512955437,0.9218569844211822,11.840009644733414,14.54710576889885,-3.6848473714081464,-56.789862363605444,0.9233877528719142,False,22.799999999999866,0.0,1.7912035053310913,0.0,1.7912035053310913,-0.31596667270529466,-2.5883281377097864,2.607542422803638,2360.5175357457665,4487.62634316643,3.169599339756933,2.703389368909081,2.703389368909081,0.0,0,vertical_speed,baseline,truth,ideal
132,1.021160725179881,1.022428929774623,1.1440486306426245,1.088619232059433,-9.956075054320443,16.547426130359828,-3.0701091683414305,-56.64745740650297,0.6765088589780207,True,22.959999999999862,0.0,0.9943452627447917,0.0,0.9943452627447917,-0.2292624518129736,-2.471122070374036,2.481734385163118,2395.8076884834118,4761.194819938948,2.5945064544753964,1.9882460086001466,1.9882460086001466,0.0,0,success,baseline,truth,ideal
133,1.0029975198349417,0.9810114108930789,1.0058067870440066,1.0004233244685121,-10.917779146631545,25.632909323791008,-1.1974622049505803,-57.70321693746862,0.3167678678934883,False,22.959999999999862,0.0,3.3645618364306387,0.0,3.3645618364306387,-0.25952859672697587,-2.5725959899308224,2.585653731636783,2379.3908310075167,4487.689045244035,0.9048537575104216,0.8299035600453009,0.8299035600453009,0.0,0,vertical_speed,baseline,truth,ideal
134,1.0110107284097078,1.0285875170536252,0.8976931528159016,0.9063194118029757,5.1234721923191096,10.620459106126347,1.4773023334271125,-55.16282555081549,1.3890950858811901,False,23.11999999999986,0.0,3.0332608664967347,0.0,3.0332608664967347,-0.026770876565884,-2.2672791508851273,2.2674371938094535,2410.3883288207035,4789.724290554674,3.0501855037591126,4.71531479393918,4.71531479393918,0.0,0,pad_miss,baseline,truth,ideal
135,0.9870104275197582,1.0242327367099333,1.1207033985024146,0.9638110916682896,13.022650114541023,19.466231639186248,-2.013042341154497,-58.69541249407068,1.0787377283910806,False,23.199999999999857,0.0,3.4993983053451516,0.0,3.4993983053451516,-0.2531578259879181,-2.5602159247154836,2.572701783344834,2434.337114436119,4735.292042533412,1.0787377283910806,0.03915398163972608,0.03915398163972608,0.0,0,vertical_speed,baseline,truth,ideal
136,0.9902470678172064,1.0392873819800221,1.0302701751653145,0.9356257155775725,-11.010060307451827,22.66258256556748,-2.5624447001542348,-54.65508261049363,0.4221197746653677,True,23.359999999999854,0.0,2.1983223731801727,0.0,2.1983223731801727,-0.26404024383330416,-2.378029856389104,2.3926435689925762,2428.5188656970495,4846.492808163104,1.6177989203075867,1.7218311285818044,1.7218311285818044,0.0,0,success,baseline,truth,ideal
137,1.014580831675197,0.9807658417182074,0.9172656991327205,0.971584991348778,7.2852862492089585,8.412263239021396,-4.229236587298924,-58.14434848149044,0.9873301893074841,False,22.879999999999864,0.0,0.2668202651363182,0.0,0.2668202651363182,-0.25718027334721716,-2.5378438356456674,2.55084163113347,2380.2257469370015,4485.135145090451,4.343667247083921,2.9450572740639167,2.9450572740639167,0.0,0,vertical_speed,baseline,truth,ideal
138,0.998786118267642,0.9523677661244888,1.1750731805823234,1.0524864524765236,10.510450816244582,26.836924972610582,-1.7348024530303854,-61.03992854729741,0.11203036597475269,False,22.879999999999864,0.0,4.7122478672807215,0.0,4.7122478672807215,-0.3590495216254564,-2.622546576657686,2.6470109757457405,2375.7576088066853,4290.816754064737,0.2867801702402305,0.18340392204276731,0.18340392204276731,0.0,0,vertical_speed,baseline,truth,ideal
139,1.025822073331418,0.9935033054212705,1.1061864845398537,1.078692928594592,-0.20496493873003274,20.664395450219796,-1.9595032792372455,-54.30488080079992,1.0812252193981269,False,22.799999999999866,0.0,2.9403137043705745,0.0,2.9403137043705745,-0.2556317129593287,-2.724236443279686,2.736203898024355,2343.438574650412,4611.084563298482,1.0812252193981269,0.5377121503853065,0.5377121503853065,0.0,0,vertical_speed,baseline,truth,ideal
140,0.9723838880378589,1.031769999075615,1.1683031675590922,1.0900711074332707,-12.376032052801932,9.315027892883606,-1.9348882219890027,-56.99744050456316,0.04105800898848548,True,23.51999999999985,0.0,-0.17136999473304004,0.0,-0.17136999473304004,-0.0827666200684517,-2.3199604196291275,2.3214363359875523,2450.5166683033385,4771.873325225966,1.9342959981359384,1.4629071386554677,1.4629071386554677,0.0,0,success,baseline,truth,ideal
141,1.0168914827462656,0.9806293562529037,0.9075840365233081,0.9103952571046356,9.499735792144097,16.377633831715283,-3.385702517811369,-55.7530871872944,0.6326140768432611,True,22.959999999999862,0.0,1.9345354424308876,0.0,1.9345354424308876,-0.3060581635817501,-2.355317638121615,2.3751195287694085,2368.6117358279007,4495.793757942425,2.783901052771307,3.0142679470799236,3.0142679470799236,0.0,0,success,baseline,truth,ideal
142,0.9993425368921343,0.9587841658228801,1.0324102948953557,0.8581302528126673,5.527170486233818,22.467628814665602,-1.3396502912788042,-59.04124964374036,1.8461238082242133,False,23.03999999999986,0.0,3.9308864650487783,0.0,3.9308864650487783,-0.23555690671983467,-2.3001568893392923,2.3121870105764426,2386.150250471099,4325.3389102890615,1.8461238082242135,1.2404231744320848,1.2404231744320848,0.0,0,pad_miss,baseline,truth,ideal
143,1.0077184017495429,0.9402619018770164,0.8685634319657441,0.9901797807192934,5.701428030056455,5.2276595191775,-3.2069657572969508,-61.637788921578874,0.6719879179776188,True,22.879999999999864,0.0,-0.030596596275124715,0.0,-0.030596596275124715,-0.19419963880058833,-2.414852293442294,2.4226483646732113,2381.9593697520577,4199.873943387058,3.2780670901762616,1.410340789407174,1.410340789407174,0.0,0,success,baseline,truth,ideal
144,0.9820807839498661,0.9664992527086168,0.9154754553602287,1.0021933195152641,-0.7421520947674836,3.8929214280199744,-2.0886030163034124,-58.844891222550125,0.05961911316157617,True,23.199999999999857,0.0,-0.34240297329662356,0.0,-0.34240297329662356,-0.0837681138207237,-2.357032711059826,2.3585207859798722,2402.10768108282,4363.387087877498,2.310578752042886,1.544230947121695,1.544230947121695,0.0,0,success,baseline,truth,ideal
145,0.9881342014985404,0.9563674264400304,1.0296439077263015,0.8803578338079603,-6.901980758021061,26.38611885398682,-2.712491628028453,-55.22233369799278,1.0994939169813922,False,23.11999999999986,0.0,3.2353831819554046,0.0,3.2353831819554046,-0.3102706997681659,-2.4169816109544215,2.436815137597938,2358.9044517678158,4335.667533312397,1.3734716613795026,0.8405589649932861,0.8405589649932861,0.0,0,pad_miss,baseline,truth,ideal
146,1.0008358211735418,1.0279895134539045,1.0436247098039264,1.0048417800710086,10.813620709628495,23.166641091777073,-3.4057912847259177,-56.09062458290959,0.9346721315353858,False,23.199999999999857,0.0,3.229490496725478,0.0,3.229490496725478,-0.3327332980574595,-2.256902779845863,2.2812982280517775,2419.1652714492448,4776.761322728089,2.278567429610467,1.9467886156285077,1.9467886156285077,0.0,0,pad_miss,baseline,truth,ideal
147,1.0014131179594992,1.0183485423153642,1.170567318194599,0.9504581200269985,16.660841014641445,3.666274054258695,-3.225508092097661,-60.42824317194184,1.0391316976404599,True,23.11999999999986,0.0,0.5704834431027728,0.0,0.5704834431027728,-0.13408069181646098,-2.3812857324206114,2.3850575195051267,2439.1186387244416,4689.3211574831075,3.3370036092109294,1.5446833393908865,1.5446833393908865,0.0,0,success,baseline,truth,ideal
148,1.0035369705707762,0.9894935638734907,1.0903223966568079,1.0162402598263427,-2.4678735947148986,15.639625074445819,-1.4879607727046529,-59.818881571709944,1.2495004215351453,False,22.959999999999862,0.0,2.2000117739437055,0.0,2.2000117739437055,-0.16693638159237384,-2.617507267008629,2.622825203543335,2400.824114854564,4525.630832259871,1.249500421535145,0.40233049795265147,0.40233049795265147,0.0,0,vertical_speed,baseline,truth,ideal
149,1.0187596899559996,0.9837676084418016,1.1095560815830199,0.9041060495035652,3.572970577801474,24.20251717704018,0.025309592985714335,-56.50673190668938,1.0183285532116206,False,22.799999999999866,0.0,4.580493611715893,0.0,4.580493611715893,-0.20715211753535395,-2.8525369913062133,2.8600488259065937,2357.2204886074105,4529.1527704852015,2.02143989504313,2.816231989588623,2.816231989588623,0.0,0,vertical_speed,baseline,truth,ideal
150,0.9789139988886192,0.9854014309891805,1.0547299191945934,0.8798419871698908,2.04709774180764,15.926513379981316,-4.5140525855601945,-56.327003650678215,1.923716776515996,True,23.279999999999855,0.0,1.0162557461440775,0.0,1.0162557461440775,-0.20259994028833514,-2.3253785021220277,2.334187634689234,2401.9880394291285,4495.821977495136,4.301186198712814,3.353730795423542,3.353730795423542,0.0,0,success,baseline,truth,ideal
151,1.0192180878988368,0.9707635404512901,0.994900405989737,1.0172194726307788,-7.4674715260444025,23.737890186610862,-2.5776721656608994,-56.04281221013629,1.6641202766898502,False,22.799999999999866,0.0,2.929835083005373,0.0,2.929835083005373,-0.27386365066747503,-2.7709956897748356,2.784496078630321,2344.961454128472,4450.383329030559,1.6641202766898502,0.33970508488838574,0.33970508488838574,0.0,0,vertical_speed,baseline,truth,ideal
152,0.988436649104911,1.0299754522448161,0.9045915526497885,1.1200201072886857,-1.9398949937790277,10.295291831795213,-1.187205804567265,-55.46392147464262,1.2126720682954686,True,23.279999999999855,0.0,1.40689425872739,0.0,1.40689425872739,-0.10077432002937971,-2.4517476816109616,2.453817873816659,2421.440997578953,4788.387168134759,1.2126720682954686,0.15495835387144138,0.15495835387144138,0.0,0,success,baseline,truth,ideal
153,0.9912726508046301,0.9648692257491295,0.851882235351445,0.8682539462873636,0.9950933692089912,23.156070442717095,-3.3680800820382397,-59.66045426155806,1.0274175420665075,True,23.03999999999986,0.0,2.775298245673748,0.0,2.775298245673748,-0.32237907599312593,-2.437268525675752,2.458496722570082,2397.1754655969416,4356.9091146469655,2.241263468775135,0.7768827670725557,0.7768827670725557,0.0,0,success,baseline,truth,ideal
154,0.972098279075068,0.9436461054482891,0.8744286025523036,0.9232176208178086,14.771214867195123,13.146118730356793,0.09888466884533509,-57.279918115826064,1.086186448289604,False,23.199999999999857,0.0,3.3316226210011233,0.0,3.3316226210011233,-0.14118588004650384,-2.3833099662455157,2.3874881880188865,2374.2041075546877,4231.318630583337,1.559748238617678,1.7516315860053429,1.7516315860053429,0.0,0,pad_miss,baseline,truth,ideal
155,1.0203185003519482,0.9962801893428787,1.0250370822272215,0.8517560154959553,11.0511458929431,6.958694038364154,-2.8669346062545342,-56.79695838434267,1.483223648515962,True,22.959999999999862,0.0,0.8451643292207088,0.0,0.8451643292207088,-0.17654297237176048,-2.353105653741952,2.359718974531966,2386.7250848633485,4587.236240536804,2.8464740574155787,2.0586779280051584,2.0586779280051584,0.0,0,success,baseline,truth,ideal
156,1.0125047447939821,0.9785624821505667,0.8738736339182449,0.9925306221763888,3.767420293121006,9.66843761139213,-3.0901841500047147,-54.78729804265215,1.0485853661279596,False,22.879999999999864,0.0,0.6967081256659953,0.0,0.6967081256659953,-0.21714529997014598,-2.6355945439222013,2.6445246607380315,2350.5866900740402,4499.350684979927,2.998573556613697,3.8350530711369615,3.8350530711369615,0.0,0,vertical_speed,baseline,truth,ideal
157,0.9935249125189329,0.9575218507353198,1.1348738958480822,1.1275394833253025,-1.140526483740512,14.336495051689274,-2.6946066802745783,-58.436413335885206,1.1663388012447145,True,23.03999999999986,0.0,1.4886138982277832,0.0,1.4886138982277832,-0.20194630751167897,-2.494357786776941,2.5025193464931217,2372.732941010592,4329.9200141366455,2.1645063325208573,0.9008139347454932,0.9008139347454932,0.0,0,success,baseline,truth,ideal
158,1.0293923040677502,0.9769871050938176,1.1006555575746209,1.1460574397917642,13.915782939950148,12.66676450008277,-1.0315415139321384,-57.60564409427163,0.9549926910660487,False,22.799999999999866,0.0,3.073377037866685,0.0,3.073377037866685,-0.18739135153558079,-2.517214009222513,2.5241794482279603,2358.132165753501,4480.777569903221,0.9549926910660488,0.39187050821545755,0.39187050821545755,0.0,0,vertical_speed,baseline,truth,ideal
159,1.0026617295260698,0.9729885216258893,0.8584776759296973,0.9350721198764265,12.90049389144712,0.531353813150659,-2.3684703246729315,-58.35628651875382,0.4314945557551367,True,22.959999999999862,0.0,-0.1957924108067073,0.0,-0.1957924108067073,-0.11001602239882734,-2.4886144480673904,2.491045041004723,2383.6342117467866,4427.285439634441,2.7363220096287737,1.938102853479043,1.938102853479043,0.0,0,success,baseline,truth,ideal
160,1.0282592406230096,0.954818024178637,0.8793380922480465,0.915645572675036,9.880139636745579,8.413142460593798,-3.7401543780410504,-60.022296163983,0.3709725077416268,False,22.719999999999867,0.0,0.5459957719784513,0.0,0.5459957719784513,-0.28503607699676814,-2.565436674928968,2.5812227525458367,2365.7832209522603,4317.942948298198,3.6746660059371585,2.1449636684030873,2.1449636684030873,0.0,0,vertical_speed,baseline,truth,ideal
161,1.0146692163371054,0.9643404790077771,0.9145797493306848,0.9963740943574415,1.4967741789664224,19.3385154979027,-1.4553510118335105,-57.219327049362484,1.0348413393503346,False,22.879999999999864,0.0,2.993705760612094,0.0,2.993705760612094,-0.2220947764309105,-2.5563598800402065,2.565989463344905,2360.1048317704954,4390.278521283944,1.0348413393503348,0.49081351528015993,0.49081351528015993,0.0,0,vertical_speed,baseline,truth,ideal
162,0.9851409657027497,0.9949382798806112,0.9245936334437596,1.124987443495956,1.4214615326135522,30.451467816691846,-2.3521489151831365,-61.95373111249197,0.09031258596297514,False,23.199999999999857,0.0,4.310162939665629,0.0,4.310162939665629,-0.3914673261296718,-2.312560055760397,2.3454595879966993,2444.7552899928487,4519.812669171428,0.801817794468865,0.058256122807425544,0.058256122807425544,0.0,0,pad_miss,baseline,truth,ideal
163,1.009673675083022,1.0238212669756652,1.0613697385413219,0.9728999988066453,2.2116795493219534,26.05705906906185,-5.231416349943753,-58.21724686667637,0.5817880490550625,True,23.03999999999986,0.0,2.476186264810942,0.0,2.476186264810942,-0.43388230625532587,-2.4823203932798696,2.5199540453299076,2421.216128556174,4745.532740273484,4.42838878797746,2.88619021104961,2.88619021104961,0.0,0,success,baseline,truth,ideal
164,0.9730491215596248,1.0104192052448269,0.8808031378369922,0.8599788140528651,-0.9386020772001622,17.920338734679277,-3.0686776079976403,-58.99513556885473,0.7624656455323022,True,23.439999999999852,0.0,1.724108144274406,0.0,1.724108144274406,-0.2111870191331372,-2.3563142829726784,2.3657592771014104,2455.3468748420455,4617.587561871744,2.3378050005911777,1.1069672193882745,1.1069672193882745,0.0,0,success,baseline,truth,ideal
165,0.9953741326547382,0.9529276515287319,0.9580835062364855,0.9720906342230953,9.599647346666124,6.855662383160746,-3.665195255129227,-56.04610451373694,0.7942363806880253,False,22.959999999999862,0.0,0.2270413744716998,0.0,0.2270413744716998,-0.21754940509170367,-2.6215381705115317,2.6305493956785346,2349.024215322457,4321.469345378668,3.8895605771076847,3.9749450131289263,3.9749450131289263,0.0,0,vertical_speed,baseline,truth,ideal
166,1.0041769268194196,0.9647554274626758,1.1345173128341879,1.130559665643417,16.825994285583658,27.329136379446126,-1.8446513716741477,-60.844662797974216,1.274201179439142,False,22.879999999999864,0.0,5.702544980801476,0.0,5.702544980801476,-0.3465938045442347,-2.5519812670086424,2.5754098028297325,2381.028622356327,4372.259369882402,1.2742011794391417,0.7741708964084137,0.7741708964084137,0.0,0,vertical_speed,baseline,truth,ideal
167,0.9851359754022961,0.9674630491114342,1.0834074865369887,0.9773890907565559,3.9512531280537004,30.585727810829344,-2.676796267746261,-56.7726957265244,0.7497719059471184,False,23.199999999999857,0.0,4.4447694726595754,0.0,4.4447694726595754,-0.3887509117756669,-2.3608081739045303,2.3926016186111836,2383.1277021439273,4389.113641636111,0.878777854333096,0.18890250657529553,0.18890250657529553,0.0,0,pad_miss,baseline,truth,ideal
168,0.9983265799506291,1.0120393082362207,1.1719165128353752,1.0705699716074304,13.240355069776658,20.370672817114368,-2.2250824212171323,-56.274222038480154,1.0762233244287254,False,23.199999999999857,0.0,3.7118595736934363,0.0,3.7118595736934363,-0.27826194469941173,-2.3221286698545085,2.3387413857090245,2404.9703702914667,4679.304787362078,1.1830771794079855,0.44935934716832676,0.44935934716832676,0.0,0,pad_miss,baseline,truth,ideal
169,0.9872074014336343,0.9836742129380995,0.8807894129708125,0.8974504829984226,10.787443164330334,18.610538561816995,-3.351495884012766,-58.99812690221568,1.7125132180986196,True,23.199999999999857,0.0,2.5014679165690152,0.0,2.5014679165690152,-0.24907871796170852,-2.332173688542436,2.34543691479244,2416.8177940800197,4468.901696486679,2.5365652093122875,0.7826381191600896,0.7826381191600896,0.0,0,success,baseline,truth,ideal
170,0.9898343027658161,0.9502601976540986,0.8726668068912913,0.8727087708363179,14.442836140061981,23.286641574510984,-1.9564604590398222,-56.867025160420496,1.2806414463590834,False,23.03999999999986,0.0,4.115732668040799,0.0,4.115732668040799,-0.2883881443384203,-2.4429002574901815,2.4598636933457416,2362.89209880224,4288.929284776448,1.2806414463590832,0.3994506461074106,0.3994506461074106,0.0,0,pad_miss,baseline,truth,ideal
171,0.9900890374518386,1.0102391923485148,1.1899481760139963,1.0974452314091827,12.034548731018099,16.94505340906419,-1.4067886844329502,-55.92284043776659,1.9958720041858597,False,23.279999999999855,0.0,3.6015027898945107,0.0,3.6015027898945107,-0.1959122501031036,-2.2426511230192947,2.2511920551832456,2407.372896069024,4664.301450370578,1.9958720041858597,0.8930767033185758,0.8930767033185758,0.0,0,pad_miss,baseline,truth,ideal
172,1.0101896800368229,0.9919391113496243,1.154618838220696,0.9965310204580314,17.081616301417746,15.469289463933286,-3.2824806507695232,-55.69212734618316,1.2583425257210727,False,22.959999999999862,0.0,2.804839149118743,0.0,2.804839149118743,-0.2852037827003648,-2.513978134736484,2.5301041993561704,2367.297571292529,4576.276208154839,2.657434535911718,2.6614115368455247,2.6614115368455247,0.0,0,vertical_speed,baseline,truth,ideal
173,1.0205054395471227,1.0397281807852614,0.9437623554367475,0.9887738162150519,-6.627046544815439,14.619841393412766,-2.148388457674708,-62.25585787083604,1.475040873133762,True,22.959999999999862,0.0,1.6100163018784874,0.0,1.6100163018784874,-0.16594506441667947,-2.4415711653445547,2.4472040208871477,2459.32709854162,4818.770166955208,1.477139707318515,0.15739460311860962,0.15739460311860962,0.0,0,success,baseline,truth,ideal
174,0.9830173686744872,0.9472792074082359,1.0550008441744478,0.9937789211457105,11.833030556768104,8.508705932427828,-1.9951825199650859,-60.03841240506256,0.9256758244997318,False,23.03999999999986,0.0,1.5058673272172935,0.0,1.5058673272172935,-0.15342822198685124,-2.5437279530828283,2.548350862537771,2381.0203216271766,4249.934130230475,1.6022594685106515,0.5286110496517944,0.5286110496517944,0.0,0,vertical_speed,baseline,truth,ideal
175,1.0144687151732508,0.9531460132427487,0.876924159175984,1.0284195110877452,-2.650277980690749,11.635266146656885,-3.49075131864861,-52.90317233660975,2.7533183328790583,True,22.879999999999864,0.0,0.8393000962276124,0.0,0.8393000962276124,-0.20696582278998485,-2.449275834548469,2.4580046715794164,2319.669388962833,4352.352703736407,3.598948202345994,2.8974499394238573,2.8974499394238573,0.0,0,success,baseline,truth,ideal
176,0.983513996227056,1.0169074314975182,1.152191056387125,1.0499619150640678,-3.0942431083736963,24.803440253571303,-0.9749209462580499,-57.54764564679746,1.0466955251732217,False,23.279999999999855,0.0,3.994708460636545,0.0,3.994708460636545,-0.27070006422890336,-2.4528857805771,2.4677777811891537,2426.41336732711,4691.938653155517,1.0466955251732215,1.4219308218789886,1.4219308218789886,0.0,0,pad_miss,baseline,truth,ideal
177,0.9964991133387158,0.9942707988357913,0.9656067880386813,1.1143100461746833,-6.067094885713065,28.682663301471365,-2.5914929183610336,-61.587684664888315,0.7744645656930668,False,23.03999999999986,0.0,3.684241292731628,0.0,3.684241292731628,-0.337738825365116,-2.4512328330631066,2.474390817159972,2426.6856156871872,4533.209976163351,0.9547963432638626,0.0829684817270807,0.0829684817270807,0.0,0,pad_miss,baseline,truth,ideal
178,0.9918441399471675,0.9801092375343734,0.9566373308439111,1.0607270957126218,-7.03244639440004,24.442813228878066,-1.12392183764684,-54.281645720158394,0.4513848866278718,False,23.199999999999857,0.0,3.469982358605789,0.0,3.469982358605789,-0.25662843166492944,-2.276506027658878,2.29092510700503,2372.825102859799,4487.939559880815,0.7770432563180442,1.7173447833298345,1.7173447833298345,0.0,0,pad_miss,baseline,truth,ideal
179,0.9732418841224927,1.0330610523263744,1.1684840505356422,0.8954147695188234,17.6440472506163,24.360052498836918,-0.8593018921036439,-61.99864165812088,1.319584804226101,False,23.439999999999852,0.0,5.392173166458508,0.0,5.392173166458508,-0.29412673499226005,-2.456124459397922,2.4736729566153124,2487.549826834558,4743.877539450063,1.4896296293723725,1.260286031828234,1.260286031828234,0.0,0,pad_miss,baseline,truth,ideal
180,0.9950884966561631,0.9631544454689918,0.9575982669591102,0.9125512613015143,12.475362598868493,16.646896060844877,-2.4442342392640253,-58.793086767851406,0.019488879205243927,True,23.03999999999986,0.0,2.4658200797544194,0.0,2.4658200797544194,-0.275619185956006,-2.355482378627504,2.371552902992412,2386.2741832067004,4355.806935076242,1.6549439208214691,1.0909262014348091,1.0909262014348091,0.0,0,success,baseline,truth,ideal
181,1.0059524801093753,1.031744145903202,1.1999876226217008,0.9063958742602687,7.745780305226969,21.6125562259904,-2.8046694193562383,-58.04825315618329,0.7872550455564525,False,23.11999999999986,0.0,3.1014201956328695,0.0,3.1014201956328695,-0.3078229351151406,-2.3688323499418136,2.3887489741523185,2429.993144144526,4792.215877177889,1.664266045758262,0.8017022794574651,0.8017022794574651,0.0,0,pad_miss,baseline,truth,ideal
182,0.9780078514503786,0.999788264943145,1.1378320809638038,0.9329228110056299,-6.912483538580034,15.943434987932807,-0.6545832040909223,-57.04212720048311,0.3393001833754131,True,23.359999999999854,0.0,2.208610199303289,0.0,2.208610199303289,-0.17119844662371983,-2.361397633580997,2.3675953395815568,2419.937627326719,4578.580227275295,0.6115886921116456,0.7489131693745811,0.7489131693745811,0.0,0,success,baseline,truth,ideal
183,0.9852143604595143,1.0018406810754068,0.8830884131330189,1.0250108703855063,13.89285387555418,23.378113092881357,-0.22998966443928293,-57.0212439449503,2.025036975586561,False,23.199999999999857,0.0,5.256998561114985,0.0,5.256998561114985,-0.24290737501834764,-2.4639223949023457,2.475867032160575,2409.5014375672836,4603.383329960565,2.2034967694022307,2.790823690927827,2.790823690927827,0.0,0,pad_miss,baseline,truth,ideal
184,1.0137719603578197,0.951380894833221,1.1548412260269363,0.9914687459369917,-9.151974634534131,26.079031007880438,-3.8582066792729304,-58.35169717115592,1.257287903473504,True,22.879999999999864,0.0,2.55661303200182,0.0,2.55661303200182,-0.348084549423782,-2.4036218907027225,2.42869533845085,2357.8657346159125,4301.8005292166345,2.674978208256169,1.1731750013513922,1.1731750013513922,0.0,0,success,baseline,truth,ideal
185,1.0053083352158827,0.9484882754005,1.123017708909836,1.097011855557273,-0.9661982038226924,10.342307360072052,-1.3681848939200236,-62.598204861801264,2.509307785663123,True,22.879999999999864,0.0,1.7088200082045766,0.0,1.7088200082045766,-0.083832267166415,-2.3943865774420336,2.3958536957111627,2388.7582586154604,4250.65966918804,2.5093077856631227,1.018930973484604,1.018930973484604,0.0,0,success,baseline,truth,ideal
186,0.9947233931804744,1.0248052821482807,0.9804118478019475,1.1347654334294108,14.423009291709693,28.869176559453944,-1.3390326484065864,-54.329423645825614,0.4533046147189306,False,23.199999999999857,0.0,5.509824634713107,0.0,5.509824634713107,-0.3649409621513437,-2.483141558976764,2.5098155126968003,2398.5622872081076,4775.07468782986,0.7932212596429928,1.926658547726009,1.926658547726009,0.0,0,pad_miss,baseline,truth,ideal
187,1.009238357712126,0.9977520258654561,1.1287309753146788,1.0261482357398846,-12.17076902649621,16.467579463146393,-4.5097693755560995,-58.830463687872495,1.14950671007969,False,22.959999999999862,0.0,0.35593473943878984,0.0,0.35593473943878984,-0.26774087236306987,-2.515152079085295,2.529362598691777,2398.7391619076407,4585.525019150551,4.341298076265679,2.2713342464795083,2.2713342464795083,0.0,0,vertical_speed,baseline,truth,ideal
188,0.9726316955977531,0.9854397475551644,0.8782168502554797,0.9709768772021444,6.868572281660594,24.092251422036444,0.11843940103061668,-57.16146186681146,1.4311516487870193,False,23.359999999999854,0.0,4.969333986499694,0.0,4.969333986499694,-0.2701086770975067,-2.2392902357796087,2.2555219922450904,2415.9323114682084,4482.145921417941,2.3391141262715918,2.874178605747554,2.874178605747554,0.0,0,pad_miss,baseline,truth,ideal
189,1.0150179588128585,0.9404199290239127,1.076265803649764,1.0932150068685844,-1.632239984446496,7.444777280176103,-4.564883232755321,-63.93769001656377,1.8679186625692479,True,22.799999999999866,0.0,-0.2779503019341337,0.0,-0.2779503019341337,-0.2344555475894122,-2.3825149983389373,2.3940232081384334,2389.9620681809683,4192.97743498642,4.458885327317884,1.0324993385669798,1.0324993385669798,0.0,0,success,baseline,truth,ideal
190,0.9930677943260721,0.9983325120330024,1.1594473901115459,1.058115313385067,1.569226328747348,16.415331188325393,-3.4166885393134443,-55.73612042726688,0.9386912243968506,True,23.199999999999857,0.0,1.52042531442783,0.0,1.52042531442783,-0.24365690366507453,-2.35047143850841,2.3630667933741196,2393.5913472520624,4594.736236978955,2.9296836985190065,2.9024332722319355,2.9024332722319355,0.0,0,success,baseline,truth,ideal
191,1.0043532437542178,0.9433801355084154,1.1634392383320995,1.0884579754470989,4.156032502284294,3.0757008624720363,-2.25844687642571,-57.47139637016586,0.738913911186634,False,22.879999999999864,0.0,0.0235575863674257,0.0,0.0235575863674257,-0.1266750119273184,-2.5201360500560166,2.5233177107607214,2342.628388895162,4261.032559663745,2.3932928281470702,1.7841862963695232,1.7841862963695232,0.0,0,vertical_speed,baseline,truth,ideal
192,1.0295387630094495,0.9785862555300442,1.17945951750287,1.0973886953550285,12.218606047477646,29.539440816005047,-0.08215164093803207,-53.470833811139315,1.422155431526587,False,22.799999999999866,0.0,6.372467558291125,0.0,6.372467558291125,-0.27358612209729277,-2.565673930449051,2.580219386716974,2325.325296226594,4524.778492483714,2.5386455821873626,5.193960509846963,5.193960509846963,0.0,0,vertical_speed,baseline,truth,ideal
193,0.974439920867363,0.973657729682814,0.9764793083748422,0.9105239868092913,-8.491340622442848,0.6492746919716907,-0.92861443192455,-58.296465288543835,1.1578547164362396,False,23.199999999999857,0.0,-0.4663118235673453,0.0,-0.4663118235673453,0.024983427989130697,-2.5499520464360548,2.550074432403398,2400.790176638304,4414.813931141394,1.2692857665744615,0.19520876319629296,0.19520876319629296,0.0,0,vertical_speed,baseline,truth,ideal
194,1.0280716948873934,1.006392427873831,1.0153356552950135,1.0584484500635496,-6.074231355276794,18.762255815852896,-3.7809388591483186,-58.62934820514589,1.0495328375484643,True,22.879999999999864,0.0,1.540275827195551,0.0,1.540275827195551,-0.2928266306732838,-2.483485084627281,2.500689025288359,2398.2514998685256,4646.495495248291,3.092411830308536,1.6123639241267347,1.6123639241267347,0.0,0,success,baseline,truth,ideal
195,1.0075781145385647,1.039848105564792,1.009214017422792,0.9026629611999644,-12.75210352296168,17.226883252393826,-1.9642413685604598,-55.47764878728687,0.6332479968779327,True,23.11999999999986,0.0,1.5721359136747417,0.0,1.5721359136747417,-0.1977191785184044,-2.433487227718486,2.4415062893678963,2416.3285502893377,4862.608188664206,1.2220890155809958,0.848417522544998,0.848417522544998,0.0,0,success,baseline,truth,ideal
196,1.0037504108704773,1.0059823424091725,0.8966845353534956,1.0478534304958218,-13.57728403218696,10.787789712213844,-5.94368911497245,-60.09794628501717,2.311002972449682,True,23.03999999999986,0.0,-1.1242674233587993,0.0,-1.1242674233587993,-0.23511895020319773,-2.3935967223785823,2.405116668714045,2427.226411744916,4614.649985119293,6.061346060096716,2.553587051188995,2.553587051188995,0.0,0,success,baseline,truth,ideal
197,0.9806829901872438,0.977676905981153,1.0346140410338345,1.033726216016248,-2.206943866530814,24.128572855646375,-3.4579904390830043,-60.73594010198276,0.9179777250921372,True,23.199999999999857,0.0,2.6524839498169803,0.0,2.6524839498169803,-0.30785019228245236,-2.3621373976323294,2.3821135208426942,2422.480145639307,4421.258196228762,2.2992633452985016,0.6931028020467449,0.6931028020467449,0.0,0,success,baseline,truth,ideal
198,0.9727522333577981,1.009242154706652,1.064226496287668,0.9970562477039966,15.010008870405944,14.884073941652982,-2.2133449479159815,-57.98541361117652,0.6932191881412697,True,23.439999999999852,0.0,2.5843267353330353,0.0,2.5843267353330353,-0.19618027196633744,-2.2478311194867624,2.2563757313093706,2440.2409917201403,4624.454091226424,1.4026391013730484,0.756204272054805,0.756204272054805,0.0,0,success,baseline,truth,ideal
199,0.9865226811422456,0.9981035682089012,1.0264452610824697,0.8662782378835889,11.425020735995773,9.007977765979543,-2.132929353339322,-57.77359792541873,0.5016180376220948,True,23.199999999999857,0.0,1.2067684422777059,0.0,1.2067684422777059,-0.1453416894575766,-2.356572094737594,2.3610498182779445,2414.519769749968,4572.205207712341,1.8098007848858493,1.247276145562696,1.247276145562696,0.0,0,success,baseline,truth,ideal
