case_index,guidance_mode,wind_x_mps,wind_y_mps,initial_x_m,initial_y_m,initial_vx_mps,initial_vy_mps,initial_vz_mps,initial_mass_kg,success,failure_mode,horizontal_target_error_m,touchdown_horizontal_speed_mps,touchdown_vertical_speed_mps,maximum_tilt_deg,propellant_remaining_kg,nmpc_acceptance_rate,nmpc_mean_solve_time_ms,nmpc_maximum_solve_time_ms
0,baseline,12.386594582409234,-9.571224540900024,24.035727934642054,-4.341328943458347,-1.1645423795587517,1.8564163123907398,-57.8156621348895,25000.0,0,footprint,3.7725301850626476,0.02859711188299445,1.1958870260216632,4.013992130241365,3150.5417640271517,0.0,0.0,0.0
0,nmpc,12.386594582409234,-9.571224540900024,24.035727934642054,-4.341328943458347,-1.1645423795587517,1.8564163123907398,-57.8156621348895,25000.0,0,footprint,3.0284747126545906,0.20208046634592206,1.1958502073727115,6.681642094325585,3836.839175357105,1.0,135.64792468857306,229.34991703368723
1,baseline,5.4611572099833126,-3.854927879742789,14.005535469062949,-15.82023519872498,-1.4947469080599771,1.8107366562504794,-58.5158885995417,24989.6831123183,1,success,0.99601018302782,0.018203744591070256,1.196420818521942,1.3929104556452865,3131.7638925108986,0.0,0.0,0.0
1,nmpc,5.4611572099833126,-3.854927879742789,14.005535469062949,-15.82023519872498,-1.4947469080599771,1.8107366562504794,-58.5158885995417,24989.6831123183,1,success,0.3905444013536601,0.06084010937265155,1.196502734625997,1.3929104556452865,3849.1025745519473,1.0,138.27351504936814,228.12012513168156
2,baseline,7.441991177478265,-7.243858684237164,19.57617373249829,-13.285413056176402,-3.3226451866195426,0.7330567881333826,-54.08803153071244,25000.0,1,success,1.8901656660485513,0.014270073846697836,1.1963005625949863,4.015858264416272,3174.287228291061,0.0,0.0,0.0
2,nmpc,7.441991177478265,-7.243858684237164,19.57617373249829,-13.285413056176402,-3.3226451866195426,0.7330567881333826,-54.08803153071244,25000.0,1,success,1.4360626535590717,0.10075644165429458,1.196321509569278,3.6679894469174434,3772.1379204560326,1.0,147.7926651412552,237.0203749742359
3,baseline,3.4339294653538888,-3.1065218766811,26.24371967991967,-14.103558497624448,-2.966004854674981,1.3000553703521924,-54.55473342868022,25000.0,1,success,0.41851835416350797,0.013527624160941202,1.196508559411097,2.277772475940451,3170.398150119454,0.0,0.0,0.0
3,nmpc,3.4339294653538888,-3.1065218766811,26.24371967991967,-14.103558497624448,-2.966004854674981,1.3000553703521924,-54.55473342868022,25000.0,1,success,0.8137212132637103,0.05038791309132557,1.1965115555420671,3.2018499355937036,3752.3239001158727,1.0,148.28774225208218,241.64041713811457
4,baseline,12.119455290124204,2.50882867380325,19.96063331294276,-13.171136002416464,-2.947050958319764,0.40176939432396375,-60.50947229146953,24998.749218676312,1,success,2.563712837900736,0.0327972829844372,1.1961709869718393,2.9362818565293076,3128.595685611941,0.0,0.0,0.0
4,nmpc,12.119455290124204,2.50882867380325,19.96063331294276,-13.171136002416464,-2.947050958319764,0.40176939432396375,-60.50947229146953,24998.749218676312,1,success,1.9383353779056194,0.14707516679630112,1.1961307103311811,5.149927867712895,3884.4461367258846,1.0,136.85146141797304,253.55162494815886
5,baseline,4.171354423375451,-1.8311593757653308,16.804532147222822,-4.501056769795893,-3.8106832308848153,0.8504542792498204,-58.869535357035936,24944.461237939526,1,success,0.4616620838401671,0.007873839740586022,1.1964205262904044,4.959231288398923,3089.864156451862,0.0,0.0,0.0
5,nmpc,4.171354423375451,-1.8311593757653308,16.804532147222822,-4.501056769795893,-3.8106832308848153,0.8504542792498204,-58.869535357035936,24944.461237939526,1,success,0.9121277598293681,0.035969735800023814,1.1965141559919645,2.9185000511496493,3817.976841188909,1.0,138.97640333510935,229.94058416225016
6,baseline,7.958203519627034,-3.4130499235658425,28.06287451468112,-9.660879402566676,-3.0010191972367477,0.5443376118822649,-57.424121937279565,25000.0,1,success,1.4576151103097938,0.01421649905369341,1.1963265566094266,1.3928395148587203,3145.249162903401,0.0,0.0,0.0
6,nmpc,7.958203519627034,-3.4130499235658425,28.06287451468112,-9.660879402566676,-3.0010191972367477,0.5443376118822649,-57.424121937279565,25000.0,1,success,1.3195631981312537,0.08374665371473938,1.1963352607172413,4.5308771472879865,3710.9087191815997,0.9642857142857143,148.62218904142668,231.7600001115352
7,baseline,8.702765197530589,-3.5182766931686635,14.241244737022416,-9.084540314814642,-1.5867826100652258,2.3764583160444426,-60.55802826677136,24917.986542211653,1,success,1.6199084973786009,0.013935410519105143,1.196287647414791,3.2989043726246003,3062.9305232552324,0.0,0.0,0.0
7,nmpc,8.702765197530589,-3.5182766931686635,14.241244737022416,-9.084540314814642,-1.5867826100652258,2.3764583160444426,-60.55802826677136,24917.986542211653,1,success,1.1633754111310968,0.09559477782631788,1.1962206495736023,1.4261452694478773,3821.1001093780505,1.0,134.2171500902623,216.5630420204252
8,baseline,11.129877510607454,-3.7271558572511694,18.625311064029408,-18.79691577409037,-2.923162491941724,1.0609088070955193,-59.26690372189692,24892.100603759238,1,success,2.332622291669131,0.02404799809989206,1.1961452925573246,2.302994105960782,3047.8242803026114,0.0,0.0,0.0
8,nmpc,11.129877510607454,-3.7271558572511694,18.625311064029408,-18.79691577409037,-2.923162491941724,1.0609088070955193,-59.26690372189692,24892.100603759238,1,success,1.8409894187627995,0.135544373051618,1.1960771068455183,3.683146789745789,3765.7179919615955,1.0,139.2130616493523,240.95000000670552
9,baseline,1.929595723546661,-6.470936286152202,14.597385621113283,-19.232754475711634,-2.8938373196862894,1.2209194255557814,-56.548040556807806,25000.0,1,success,1.0103383408673552,0.018245839233414232,1.1963278348127595,3.604111721806547,3147.6803841103974,0.0,0.0,0.0
9,nmpc,1.929595723546661,-6.470936286152202,14.597385621113283,-19.232754475711634,-2.8938373196862894,1.2209194255557814,-56.548040556807806,25000.0,1,success,0.756897227352019,0.081399286627871,1.1964292066774163,3.4424957819152167,3822.508058080297,1.0,149.29545987755634,249.85429202206433
10,baseline,15.984479221483483,2.3641393895102834,30.72083861167525,-14.086994727553424,-0.6522204074128779,2.2774861071352923,-54.439089958717865,25000.0,0,footprint,3.9784943325052704,0.0238137562832467,1.1957656553886682,9.197722080474867,3175.6906370988145,0.0,0.0,0.0
10,nmpc,15.984479221483483,2.3641393895102834,30.72083861167525,-14.086994727553424,-0.6522204074128779,2.2774861071352923,-54.439089958717865,25000.0,0,footprint,3.710614651097451,0.1667892525230577,1.1957187433791505,10.40002037773638,2835.8091179560834,1.0,216.82335678828744,274.5527920778841
11,baseline,11.944885227852144,-4.839454686413514,14.975655552840799,-2.313872013667684,-1.4707407851579113,2.428319295077068,-60.26680464464295,24972.838302762164,1,success,2.698754454785733,0.02373706660964761,1.1960657676505102,4.602052723108634,3115.6737843446244,0.0,0.0,0.0
11,nmpc,11.944885227852144,-4.839454686413514,14.975655552840799,-2.313872013667684,-1.4707407851579113,2.428319295077068,-60.26680464464295,24972.838302762164,1,success,2.166224905735066,0.14237369535697944,1.1960930103433158,2.3810693754033703,3864.0296432670984,1.0,134.60243503563106,217.81716705299914
12,baseline,15.380395793339412,-6.493287570727759,17.676285664802386,-22.54426002201015,-1.8686423489581507,0.7681540171322273,-57.04689077236978,24831.491482444522,0,footprint,4.249569078183697,0.027166261799731473,1.19569619338018,3.599489078501452,3014.34116664865,0.0,0.0,0.0
12,nmpc,15.380395793339412,-6.493287570727759,17.676285664802386,-22.54426002201015,-1.8686423489581507,0.7681540171322273,-57.04689077236978,24831.491482444522,0,footprint,3.4997863774214597,0.2261331847567856,1.1957173287839988,7.330743105246879,3614.069887219459,1.0,146.41732565575728,231.89887520857155
13,baseline,13.934787710717146,-4.842388561246636,21.74711423886213,-2.6713731570525887,-2.841706002616304,2.384083248096312,-56.95864748670925,25000.0,0,footprint,3.3875947588865194,0.022906215463068213,1.1959100533153149,4.723955805093658,3156.629802700143,0.0,0.0,0.0
13,nmpc,13.934787710717146,-4.842388561246636,21.74711423886213,-2.6713731570525887,-2.841706002616304,2.384083248096312,-56.95864748670925,25000.0,1,success,2.9958327905509163,0.15433463059183203,1.1959882993490254,1.9413219729942848,3816.5357632957202,1.0,142.8675206933314,229.75808288902044
14,baseline,4.882082693669906,-7.176080683561393,16.34959589215852,-6.9552357256060455,-0.5874646787509872,0.5860373209161759,-55.90128791615529,24908.564648619744,1,success,1.480176808510246,0.019700627993823355,1.196324885593333,1.757797126585449,3086.6639521117577,0.0,0.0,0.0
14,nmpc,4.882082693669906,-7.176080683561393,16.34959589215852,-6.9552357256060455,-0.5874646787509872,0.5860373209161759,-55.90128791615529,24908.564648619744,1,success,0.786989554955792,0.0987276795194405,1.1963485176944513,2.6224568319657258,3709.0082013377687,1.0,147.25849823163892,246.53375009074807
15,baseline,14.157237990401336,-5.286107146540076,26.244142344759265,-16.473861291422217,-2.011708656767587,0.8257775840664713,-60.052875759599836,25000.0,0,footprint,3.5296510554716902,0.018576714978214632,1.1959398009408073,3.7102482522006555,3144.8390970368964,0.0,0.0,0.0
15,nmpc,14.157237990401336,-5.286107146540076,26.244142344759265,-16.473861291422217,-2.011708656767587,0.8257775840664713,-60.052875759599836,25000.0,0,footprint,3.0141215658376828,0.17720736335014628,1.1959608449858774,7.674827442072648,3865.252260713809,1.0,136.1807199101895,224.329249933362
16,baseline,14.906354446964118,-0.2656604896784587,10.192800501938263,-0.7605951291543693,-1.51186161110481,1.9637653316651278,-55.26668499752743,24611.14812208661,0,footprint,3.481506271937255,0.016851011568596926,1.195881454631817,4.714155994896902,2844.418011682086,0.0,0.0,0.0
16,nmpc,14.906354446964118,-0.2656604896784587,10.192800501938263,-0.7605951291543693,-1.51186161110481,1.9637653316651278,-55.26668499752743,24611.14812208661,1,success,2.886322006228464,0.17492336705537476,1.1959031920898473,1.610076563795928,3444.7230972707875,1.0,151.44814194731967,237.23641713149846
17,baseline,7.96899742073465,-2.175248023506845,10.440352428472188,-6.660973491350937,-1.5368196163843666,2.3110600737171243,-59.52860865810252,24710.087108850395,1,success,1.3558413680521753,0.0071085026475587445,1.1963431864181842,3.8283845849207947,2891.301307485832,0.0,0.0,0.0
17,nmpc,7.96899742073465,-2.175248023506845,10.440352428472188,-6.660973491350937,-1.5368196163843666,2.3110600737171243,-59.52860865810252,24710.087108850395,1,success,1.1948277919344175,0.06839885303439479,1.1963570492363922,2.0828951510938247,3627.848245322275,1.0,132.59267834946513,223.73041603714228
18,baseline,4.729806362689231,-3.5505190479571596,24.13799415352595,-0.8487693131257519,-2.2597604203633477,1.172742699394691,-61.060101566118206,25000.0,1,success,0.8984229421438017,0.01439764824391379,1.1965210025201911,1.9189893251647374,3128.3157660711404,0.0,0.0,0.0
18,nmpc,4.729806362689231,-3.5505190479571596,24.13799415352595,-0.8487693131257519,-2.2597604203633477,1.172742699394691,-61.060101566118206,25000.0,1,success,0.7469877579249785,0.045202335384998085,1.1963751757651337,3.812659085806317,3911.991387003007,1.0,130.4835258924868,214.6212919615209
19,baseline,4.645883756880545,-2.991850042237319,12.101096394183616,-12.606394426428517,-1.946722670889251,0.2567196019842404,-60.743401935808954,24872.103286863734,1,success,0.7053567901893552,0.020536535767024744,1.1965376239429064,2.2150704078238173,3018.8836135911733,0.0,0.0,0.0
19,nmpc,4.645883756880545,-2.991850042237319,12.101096394183616,-12.606394426428517,-1.946722670889251,0.2567196019842404,-60.743401935808954,24872.103286863734,1,success,0.17156458555874082,0.03425887861181297,1.1964815311410328,2.7146734571407385,3786.855943639548,1.0,135.33600000664592,219.9481250718236
20,baseline,12.896910933401655,-7.602004919863886,29.664105900086007,-6.809182954046577,-1.6383862895024004,1.346029405557122,-53.7183164246856,25000.0,0,footprint,3.476738850225346,0.021578940073508333,1.1958888748038925,5.853627296830324,3178.0529849424456,0.0,0.0,0.0
20,nmpc,12.896910933401655,-7.602004919863886,29.664105900086007,-6.809182954046577,-1.6383862895024004,1.346029405557122,-53.7183164246856,25000.0,0,footprint,3.3849560547419744,0.142906527120954,1.1957812218214703,6.984794108111572,3690.00513456708,1.0,151.39968452941892,240.65970885567367
21,baseline,6.6522234681707975,-5.683247927308567,12.787525084371252,-10.741234253737444,-0.2781835317990109,2.7045935999066435,-54.80446117738045,24696.439164272746,1,success,1.4908874360359121,0.01625579877670157,1.1963176791246497,5.3094600039963025,2911.4874229930683,0.0,0.0,0.0
21,nmpc,6.6522234681707975,-5.683247927308567,12.787525084371252,-10.741234253737444,-0.2781835317990109,2.7045935999066435,-54.80446117738045,24696.439164272746,1,success,1.0928316669310674,0.07727838087646861,1.196402623175909,1.8779946044673645,3505.9064612494476,1.0,145.71715436910313,240.4241249896586
22,baseline,7.849799986491281,-3.8806089523910194,9.310700583364078,-20.976234654789334,-1.4330412112165887,2.037436433975886,-59.134153091807,25000.0,1,success,1.5112737065001136,0.020987439469529207,1.1962318873617745,2.532458562337859,3135.8813638455904,0.0,0.0,0.0
22,nmpc,7.849799986491281,-3.8806089523910194,9.310700583364078,-20.976234654789334,-1.4330412112165887,2.037436433975886,-59.134153091807,25000.0,1,success,0.9520406788235608,0.10566925373753479,1.1964109517344428,2.528109492416158,3876.5650173603244,1.0,134.53753335401416,223.7049168907106
23,baseline,3.357244850552459,-3.3026993598171126,19.42447622615307,-10.34843331973638,-2.492793142477891,2.1184153831506167,-59.58433138794699,24817.991706345674,1,success,0.49154935856202486,0.012731446142328939,1.1965035381633482,3.0446153049189713,2978.1387775844923,0.0,0.0,0.0
23,nmpc,3.357244850552459,-3.3026993598171126,19.42447622615307,-10.34843331973638,-2.492793142477891,2.1184153831506167,-59.58433138794699,24817.991706345674,1,success,0.5287399320863501,0.027116146061298915,1.1965778007293721,1.3383920746548443,3721.516393506554,1.0,134.4079650565982,223.87016704306006
